ID_Encuesta,ID_Empleado,Fecha,Puntuacion_Global,Comentario
1,831,2024-04-18,4.07,Their weight child name half.
2,542,2025-02-17,4.94,Simply stand after word magazine establish whose.
3,97,2024-01-28,3.18,Political direction hair establish dark project.
4,594,2025-03-14,4.89,Leave public sing bill friend investment reflect perform.
5,347,2023-11-09,4.71,Model eye technology price.
6,403,2023-12-13,3.09,Final drive consumer recent only.
7,771,2024-12-12,3.18,Structure body type pattern join coach ready prevent.
8,210,2023-07-04,4.15,Say meeting dinner mention hot difficult.
9,698,2025-03-30,3.38,Enough hear those from.
10,272,2025-02-22,4.52,Lot such control find city.
11,36,2023-10-14,2.72,Front central fight magazine contain price use.
12,593,2024-08-07,2.58,Evening image themselves main bill interest support.
13,270,2024-12-14,3.34,Contain campaign none.
14,780,2023-10-31,2.72,Apply day but weight nearly pressure.
15,762,2023-06-13,4.89,Draw risk else democratic top.
16,24,2024-09-08,3.01,Pattern miss activity him interesting bar hot.
17,927,2023-11-01,3.69,By mind region eight.
18,593,2023-11-06,4.98,Man great church manage between pressure.
19,810,2024-05-18,4.51,Book seem finish international floor.
20,558,2025-02-17,4.99,Action question suggest call affect just party.
21,116,2024-11-23,4.74,Song draw fish rise magazine point.
22,770,2025-02-21,3.42,Actually account their part.
23,911,2023-11-29,3.21,Condition see everything training a manager.
24,514,2024-01-18,3.06,Field bag big population station nature.
25,474,2024-10-07,3.63,Next reflect certainly page yes thing.
26,565,2025-05-29,4.87,Wife election effect beautiful.
27,466,2025-03-29,4.13,Realize challenge discover view value half.
28,341,2023-06-17,3.47,Or production north.
29,159,2023-12-06,4.98,Term especially group Congress.
30,625,2025-04-09,4.67,New prepare practice present.
31,247,2024-10-07,3.19,Good interest others.
32,957,2024-05-24,2.86,Especially admit response speak note instead.
33,446,2024-07-22,4.23,Wall sometimes so machine.
34,590,2023-09-13,4.08,Near follow hand agent age.
35,145,2024-09-12,3.23,Article quality himself indeed front matter.
36,952,2025-05-05,3.17,Color effort region grow letter.
37,58,2024-11-25,3.02,Kid customer trip such computer state.
38,517,2025-02-24,4.52,Concern different even idea account window.
39,648,2023-09-06,4.01,True somebody ahead pretty.
40,522,2025-03-23,4.2,Far sign opportunity wait bank least.
41,836,2023-11-29,4.35,Senior security bag kitchen house home.
42,474,2024-01-31,4.26,Central guess start lot.
43,41,2023-08-29,4.02,Lose land through activity.
44,881,2024-12-07,4.05,Near board both move nation.
45,305,2025-04-26,4.06,Ten politics poor range well usually.
46,981,2023-12-15,3.44,Research source authority ago state get.
47,197,2023-06-30,2.7,Court box choice company investment.
48,367,2024-01-28,3.14,Moment half green it.
49,404,2024-10-01,4.66,What career bar outside policy consider professional.
50,439,2025-05-25,4.89,The national economy.
51,159,2024-07-01,3.31,East school music officer right interview argue.
52,491,2025-03-15,3.23,Have book thus kind.
53,726,2025-02-11,4.69,Far unit forget task language.
54,565,2024-05-10,4.46,Born Democrat treat financial.
55,352,2024-06-16,2.8,Day staff truth blue certain.
56,139,2023-07-17,3.97,Research better special voice want.
57,622,2025-05-08,4.44,Tax there surface popular.
58,891,2024-07-28,3.68,Type table allow foot hear.
59,156,2025-01-21,4.38,Career air level last answer kind study.
60,261,2023-10-14,2.93,Rate future though stock attorney.
61,198,2024-07-23,4.45,East would history story eight both stay so.
62,545,2023-12-23,4.07,Woman record remember dog.
63,562,2024-01-23,4.33,That mean total my war into think.
64,780,2023-11-04,4.29,Ball would art important begin why.
65,318,2024-07-29,4.23,Relationship carry word stuff yeah skin remain explain.
66,697,2024-04-09,4.97,At item live hair great long.
67,636,2023-10-21,3.08,Knowledge sign sing pick common describe score.
68,253,2024-10-18,4.45,Article quickly mission put.
69,219,2023-08-03,2.75,Continue others kid.
70,314,2024-04-20,3.39,While culture memory friend.
71,806,2025-02-12,3.53,Quickly research develop write brother.
72,332,2023-06-26,3.59,Before against environment foreign assume hotel each together.
73,772,2025-01-05,4.22,Treat result look military side each.
74,119,2023-10-14,4.4,Notice election beautiful light Republican.
75,359,2024-07-31,4.5,Police church tend.
76,941,2024-01-09,4.23,Lead show fast even mouth check southern.
77,276,2024-05-18,2.62,Compare only recent economic occur.
78,444,2023-12-02,3.68,East population though country.
79,661,2024-07-22,3.5,American how consumer.
80,360,2024-09-07,2.51,Education play resource.
81,543,2025-02-16,3.92,Several every pick receive risk book model personal.
82,961,2023-06-29,4.37,Strong finish no time.
83,462,2024-02-06,2.6,For say evening board far.
84,136,2024-11-13,4.54,Community especially skill everything particular month young.
85,504,2024-05-15,4.27,Return talk turn opportunity opportunity budget past.
86,815,2024-11-26,2.91,Way someone new stand stage agreement keep hold.
87,336,2023-12-27,3.71,Player family article among cover.
88,201,2023-07-03,4.02,Agency significant class indicate argue foot.
89,179,2023-07-25,4.95,Financial whom debate almost much others special.
90,801,2024-05-31,4.45,Friend feeling mean meeting hit event see.
91,88,2025-02-14,4.21,Air born allow too somebody world better.
92,511,2023-08-27,2.53,Good understand public that conference pattern.
93,538,2023-07-12,4.91,Involve camera house red source despite poor.
94,773,2024-10-26,2.5,Parent none next difference message very.
95,576,2024-01-23,3.34,Me rock yourself husband.
96,884,2024-01-10,2.88,We they participant measure friend.
97,893,2024-08-20,3.17,Assume story identify play your watch.
98,246,2024-12-12,4.44,Bring every seat north.
99,527,2024-05-05,3.84,Meet special performance change wide sure.
100,243,2024-03-19,4.03,Clearly heart management.
101,256,2025-06-11,3.28,Choose those thing realize red we list visit.
102,118,2023-08-12,3.58,Issue bad mouth assume its send from people.
103,857,2023-09-03,3.74,Clear career half.
104,500,2025-06-11,4.12,Win save establish provide.
105,675,2025-04-25,3.46,Billion occur institution mission.
106,24,2025-05-13,2.61,Less country pattern free identify several.
107,93,2024-10-24,4.74,Choice relate mission media majority never total.
108,617,2024-04-04,2.78,None down table environment class consider.
109,978,2025-05-03,4.36,Build follow laugh car including new least organization.
110,166,2023-12-06,3.25,Whatever sign seek wish owner if.
111,646,2024-03-30,3.91,Tell reality especially cause brother.
112,703,2024-01-16,3.47,Popular indeed apply live.
113,943,2023-07-13,2.88,Note right realize simple.
114,297,2024-03-11,4.03,Ahead protect another full.
115,804,2025-01-21,4.09,Life each value eight especially culture.
116,266,2025-05-26,4.26,Simple model during would purpose teach important pay.
117,905,2024-03-27,4.53,Machine stand away success catch.
118,923,2024-09-10,4.46,Artist prepare front any.
119,731,2025-04-27,3.81,Decide I same view someone thing pass.
120,473,2024-12-03,3.71,Fight best morning.
121,366,2023-12-13,3.08,Plan provide create choice.
122,200,2025-02-12,2.55,Life either card road interesting top consider.
123,670,2023-08-29,3.96,Call commercial especially reflect agreement wait.
124,948,2024-02-15,4.56,Much enjoy attack energy game during.
125,540,2024-04-24,4.26,Pressure fine trial seven operation.
126,998,2025-04-12,4.22,Center early end.
127,741,2023-09-24,3.86,Million especially once conference decide thought identify.
128,97,2024-09-28,2.74,Mrs finally maintain community something economic according.
129,567,2024-11-05,2.63,Without score write you speech.
130,694,2023-10-08,3.79,Street central cut impact value authority ball.
131,818,2024-06-13,2.9,Operation moment must audience technology.
132,447,2023-11-02,4.67,Modern entire summer memory between foot fund newspaper.
133,638,2024-12-20,4.22,Baby purpose tree admit parent onto.
134,488,2024-12-10,3.33,Black feeling question.
135,809,2024-03-12,4.21,With according entire story expert risk.
136,933,2024-06-05,4.82,Bill in information chance beat poor write bit.
137,819,2025-04-20,3.19,Benefit that loss air over political direction teach.
138,504,2023-11-12,4.62,Matter partner wonder develop southern material keep weight.
139,954,2025-03-09,2.94,Lay hair suggest.
140,153,2025-05-10,4.19,Congress identify kitchen.
141,770,2023-10-21,4.25,List radio east clearly entire not scene.
142,144,2024-06-17,4.85,Answer within personal project affect.
143,829,2025-01-30,4.99,Official culture half guess seem vote knowledge.
144,207,2025-02-21,4.23,Bag situation sit other other bad worry garden.
145,131,2024-04-23,2.87,Goal light suddenly this these similar right.
146,740,2025-05-14,4.89,Writer easy only site draw without.
147,641,2023-10-24,2.71,Sort idea else work then.
148,85,2023-07-29,4.17,Response design project method size sister country.
149,249,2024-09-13,4.42,Central back participant share Mr work turn message.
150,347,2024-08-30,3.53,Body structure party shake.
151,221,2024-01-21,3.38,Data town local.
152,924,2025-03-05,3.57,Sport officer interest effect and.
153,140,2023-06-16,2.76,Safe lawyer relationship say mother seem must fast.
154,835,2024-01-07,3.16,Modern according south bill lawyer.
155,353,2024-06-24,3.81,Hotel sport himself next throw apply special impact.
156,943,2023-11-18,3.62,Partner growth total others chair.
157,998,2023-10-01,4.62,Us today Mr civil wall.
158,117,2025-02-27,3.45,Drop part teacher institution consider opportunity administration.
159,54,2025-02-09,3.91,Short technology standard thank fall protect activity.
160,250,2025-01-10,4.34,Tend trouble throw decide heart medical.
161,24,2025-02-11,2.81,Far area bit strategy often speak safe.
162,859,2025-05-11,3.51,Remain turn cultural end.
163,822,2024-08-18,4.63,Response forward cause to positive.
164,764,2024-01-16,3.94,Society candidate star card environment find.
165,16,2023-07-05,3.8,Here health smile charge sport maintain.
166,746,2024-06-15,2.72,Still detail national job loss professional.
167,383,2023-11-12,3.84,Bed quality employee first general possible.
168,268,2024-07-29,4.81,Impact everything more like more evening.
169,957,2023-09-16,4.69,Office treatment continue simple beat word movement.
170,13,2025-04-14,4.87,Cost even Republican Democrat according decade lead.
171,877,2024-09-19,3.77,Able issue do debate mind young.
172,115,2024-12-05,4.56,Physical young president sit summer raise.
173,666,2024-06-17,3.51,State federal ask not.
174,356,2024-07-09,4.3,Month threat size cold.
175,7,2023-08-05,3.99,American production argue century son along.
176,843,2025-01-05,3.52,Southern skill drug letter.
177,150,2025-02-21,4.37,Forget join north.
178,698,2024-09-12,3.6,Imagine system record police would get project.
179,852,2023-10-02,2.92,Boy fish listen.
180,482,2024-08-30,4.85,Early media head next although federal test cultural.
181,731,2025-04-04,4.05,Shake room play hundred few social actually.
182,281,2024-07-26,4.93,Need together may likely among according.
183,80,2025-05-20,2.85,Front hit go well art national.
184,230,2023-07-22,3.26,Care spring leave store.
185,241,2023-11-28,3.68,Fire understand effect five anyone stage.
186,609,2023-08-16,2.65,Reality bit power he food.
187,230,2024-04-04,4.9,Political short among east write.
188,392,2023-09-06,2.94,Professional total company.
189,656,2024-07-05,3.55,Wall of Mr despite include.
190,616,2023-11-30,3.27,Set artist rule never I.
191,154,2024-05-03,3.94,Huge voice room night prove.
192,76,2024-01-04,4.59,Low drug stage role.
193,699,2024-12-22,3.46,Author lawyer suddenly pressure.
194,664,2023-06-23,3.51,Available name without religious.
195,418,2024-12-22,4.61,Boy save during expert.
196,616,2024-08-08,3.26,Whole little model tough act action experience.
197,495,2025-04-18,3.45,Financial brother wait small ball its late available.
198,111,2024-02-06,2.78,Important task positive cultural thus measure.
199,653,2024-03-15,3.3,Prepare interesting quality mother theory someone.
200,247,2024-06-13,4.26,Its I war guess thing develop expect.
201,55,2024-05-29,4.67,All degree compare pay.
202,359,2024-10-31,4.2,Answer shake science public vote day strong born.
203,15,2023-07-12,2.86,Stock back material factor.
204,182,2024-07-26,4.54,Since allow scientist one face unit offer.
205,66,2023-09-15,4.75,Company happen rise husband performance.
206,449,2023-10-21,4.32,Cold law better their great establish employee.
207,327,2024-05-01,4.61,Garden hand these population line result.
208,974,2024-09-11,3.03,Scientist try give federal.
209,74,2023-10-06,3.85,Memory various speak.
210,602,2023-10-13,4.61,Grow international own wonder husband big stage.
211,922,2024-10-08,3.15,Popular response way certainly individual blue.
212,712,2024-11-27,4.43,Coach fly politics green late.
213,586,2024-09-29,4.55,Question street issue view.
214,11,2024-08-11,3.51,Control five expect other east local choose.
215,797,2025-04-25,4.35,Good cell north huge.
216,197,2025-02-03,2.98,Feeling cut age down despite suggest today.
217,66,2023-07-19,3.49,Still its should institution build.
218,261,2025-06-01,3.38,Control myself check stay describe outside answer.
219,541,2024-09-04,2.52,Know nation skin bit time me.
220,261,2024-07-12,4.17,When woman economy such.
221,108,2024-08-21,4.92,Stand many positive whose.
222,355,2024-02-25,2.53,Imagine health back arm.
223,973,2024-05-10,2.7,Final book themselves physical situation wind.
224,743,2024-08-23,4.27,Spring training street add.
225,179,2024-03-02,3.33,Officer tree out big say.
226,445,2023-09-01,4.26,Late speech base under environment.
227,723,2024-01-19,4.64,Event hold war suddenly.
228,807,2024-01-27,3.55,Morning region form popular within player.
229,968,2024-10-23,3.73,Billion report close expect indicate new.
230,422,2024-04-12,4.01,Size threat challenge outside.
231,149,2023-09-29,4.56,Nor with nearly.
232,51,2023-08-23,3.44,If green mother imagine radio.
233,578,2024-04-10,3.43,Charge value close sister.
234,632,2025-03-23,4.6,Main serious smile lose edge actually consumer.
235,843,2024-08-23,4.49,Color north put our reason price.
236,834,2024-06-22,3.69,Speak cause bank share win.
237,773,2023-08-10,3.78,Daughter technology somebody thus receive argue parent.
238,313,2024-11-18,4.51,Meet little region natural air director.
239,424,2024-07-05,3.64,Claim throw arrive behavior direction education get goal.
240,50,2024-02-28,2.54,Image economic TV.
241,484,2023-07-21,4.1,Ok company Democrat reduce.
242,845,2024-10-27,4.21,Rise door turn structure kitchen.
243,746,2024-09-12,2.81,Follow woman friend industry report success low month.
244,896,2023-07-25,3.34,Church take even left draw part machine agent.
245,342,2025-05-25,2.63,Camera control imagine seek mention teach Mr.
246,304,2024-10-30,3.23,Choice key pass more language.
247,803,2025-04-18,3.59,Still so laugh.
248,139,2024-11-10,3.51,Always able hope best significant.
249,136,2024-04-08,2.64,Maintain their art order consider every whether.
250,597,2025-06-08,3.67,Give smile federal writer help office organization up.
251,75,2024-07-28,4.59,Peace son various smile weight just.
252,736,2024-12-22,3.87,Down could bill wide.
253,283,2025-06-03,3.43,Financial thing all affect.
254,691,2023-06-14,3.16,Race thousand wear something space.
255,162,2024-02-29,4.99,Everyone doctor shake from sea clearly section.
256,529,2024-11-23,4.7,Myself hot relate campaign method.
257,626,2025-01-07,4.38,Kitchen employee two.
258,38,2023-10-05,3.64,Stuff government glass believe.
259,795,2023-06-25,2.91,Administration wait eye three within.
260,69,2025-05-21,3.5,Sign important car produce society shoulder.
261,762,2023-08-26,3.59,Outside officer enter.
262,615,2024-04-19,2.82,Hand room himself.
263,713,2023-07-24,4.06,Kitchen road front six.
264,431,2024-04-09,3.21,Beautiful stage foot show above old.
265,922,2024-02-27,2.68,Who general still high.
266,770,2023-09-09,4.55,Expect agent indicate many professor share.
267,674,2023-12-02,4.87,Large either including clear.
268,93,2024-01-12,3.11,Kind bed white him such.
269,821,2024-07-06,4.45,Degree test participant feeling image room role.
270,455,2024-05-11,3.86,Million tree support computer serious apply hit.
271,348,2025-06-04,3.94,Happen federal rich.
272,103,2023-09-12,2.96,Wonder six yeah alone reduce executive.
273,897,2024-02-21,4.55,At reason interest speech surface natural exactly.
274,829,2024-12-14,4.2,Consumer nor that animal.
275,7,2025-03-30,3.04,In federal investment health page resource quality.
276,96,2025-05-28,2.99,Respond produce room step.
277,178,2023-09-23,4.05,Standard relate state knowledge.
278,620,2024-06-13,4.37,Business discover change he.
279,327,2025-03-07,4.02,Allow if sometimes television.
280,792,2024-10-23,4.22,Listen administration role growth already.
281,89,2025-04-19,4.31,Name cultural physical smile still bad food.
282,559,2023-06-25,3.6,Energy rule imagine with how.
283,911,2023-09-15,4.43,But factor different loss government share save.
284,418,2025-01-04,2.84,Single toward successful claim provide reality here before.
285,594,2025-03-22,4.52,Drop strong since goal class score senior.
286,610,2024-09-05,3.65,Whatever treat beyond per.
287,366,2023-12-28,4.45,Age law effort buy.
288,107,2024-02-12,3.46,Course rate standard probably learn seem.
289,719,2025-04-25,2.5,Each pay reach prevent.
290,178,2023-06-27,4.66,My particular growth PM.
291,404,2025-04-13,4.17,So little image five tough consumer you.
292,709,2024-04-18,2.83,Color while improve form entire how miss.
293,683,2024-11-28,2.6,Stage go cut middle should question.
294,79,2023-09-07,3.66,Loss option region yeah seven sit them.
295,220,2023-12-26,3.57,Democrat director stock general develop quickly.
296,49,2025-05-06,2.7,Article read bad.
297,677,2025-02-17,2.79,Audience my bad give understand.
298,188,2024-08-30,4.06,Dark moment public.
299,636,2024-11-30,2.59,Court window event situation eat it fight others.
300,249,2024-09-16,3.74,Audience concern space throughout far spend.
301,174,2024-07-15,2.73,Possible decision voice anything.
302,610,2025-05-12,3.05,Poor indeed arm positive pay.
303,889,2025-05-10,3.15,Thought service movement that he watch cost seek.
304,39,2024-01-24,4.43,General time minute center couple cold.
305,626,2025-01-08,3.74,Hospital seem series woman power past reveal various.
306,988,2024-07-14,4.41,More member science their available pattern bill really.
307,208,2023-06-30,3.2,Marriage task tough finally PM.
308,857,2024-02-24,3.63,Gun cup suggest game like statement.
309,82,2023-08-14,2.97,Consider source major.
310,24,2024-02-21,3.94,Voice however star work.
311,764,2025-02-28,3.2,Call whatever along low career memory sure.
312,370,2025-01-15,3.57,Concern get similar grow item office.
313,797,2023-10-07,4.88,Reveal effect others guy home.
314,136,2023-06-16,4.8,Line camera administration today executive.
315,408,2023-11-20,3.49,Kid it exist.
316,336,2023-08-16,4.34,Eat raise either campaign.
317,932,2023-08-09,3.06,Hear sing himself black level now base.
318,834,2023-11-28,2.88,They admit exist of remember chair.
319,610,2025-06-10,3.6,New debate politics have.
320,145,2023-12-27,3.95,Minute onto live little yeah sure.
321,54,2025-04-16,4.89,Kind commercial provide vote media dream town.
322,265,2024-05-12,3.75,Loss road medical anything smile red student.
323,632,2024-10-06,3.53,Area director still side clear expert laugh.
324,202,2024-11-16,3.9,Suddenly travel beat today quickly energy party effect.
325,555,2024-07-09,3.66,Police rate ever soldier rich team authority collection.
326,648,2024-01-13,4.13,Spend apply give scientist page forward.
327,211,2024-07-09,4.35,Agree pretty mouth campaign after system.
328,400,2025-03-29,4.31,Feel environmental drug PM way television skill.
329,228,2025-03-28,4.23,American citizen field hour agent boy condition.
330,929,2023-12-07,2.5,Wear cost they next collection.
331,780,2024-11-21,2.54,Manage agreement field rule huge little.
332,406,2024-10-10,4.34,Start together avoid adult plan probably.
333,84,2023-11-13,2.85,Key against nothing wife.
334,546,2023-07-21,3.82,Community information action somebody buy.
335,480,2024-04-10,3.56,Attention nation purpose end result.
336,700,2023-08-30,3.39,General world cause business toward area.
337,388,2023-07-01,3.36,Later weight explain save heavy subject.
338,255,2024-09-19,2.93,Rather population may even power product investment.
339,784,2024-03-14,3.42,Series cultural kind everybody goal serious.
340,453,2024-12-05,4.82,Stuff song visit of dinner cost then key.
341,628,2023-08-31,3.77,Scene party a couple surface green.
342,582,2024-10-09,3.73,Film approach case technology shoulder born.
343,657,2025-05-15,3.64,Figure serve production movement half my create.
344,74,2024-02-05,2.97,Finally none region third.
345,502,2023-12-23,4.69,Two gas course enter tax.
346,105,2023-09-16,4.72,Road factor no fast position.
347,542,2023-11-08,3.66,Hot visit wait where account bad degree.
348,200,2025-05-30,4.68,Responsibility break friend top station.
349,701,2023-10-07,4.37,More they social exactly.
350,881,2024-03-05,3.79,Spend animal establish meeting top describe.
351,428,2024-06-23,3.7,Return the current thing interview.
352,158,2024-05-30,3.21,First continue give cover allow.
353,393,2023-10-09,3.29,Player improve save environment weight lawyer.
354,792,2023-10-13,3.17,Lawyer fine boy financial wrong general.
355,220,2024-02-27,2.68,Fly some service evening activity exactly agency.
356,498,2023-09-02,4.99,Discussion move last.
357,105,2025-01-24,2.72,Fast others as now control.
358,582,2024-05-14,4.05,Seek animal week culture.
359,375,2023-06-19,2.52,Way open performance sing break sport.
360,332,2025-04-13,4.82,Year include win through hit.
361,542,2024-10-07,3.67,Group issue think child eat something.
362,337,2023-11-20,3.49,Turn commercial site.
363,634,2024-03-29,3.49,Threat too college.
364,658,2024-10-10,3.67,Build event machine too beautiful.
365,384,2024-02-10,3.38,To need serious third sort.
366,8,2024-12-01,3.67,Especially understand would plant data.
367,730,2024-07-09,3.92,Art detail both public how.
368,537,2024-09-16,3.94,Source itself training.
369,381,2024-11-16,3.64,Indicate yeah me little prevent resource.
370,228,2025-02-09,4.63,Policy talk talk effort husband.
371,115,2023-09-19,4.19,Toward guess hard money long have music.
372,282,2024-11-15,2.64,Quality allow sing scientist expert.
373,114,2024-07-25,3.42,Minute rather only several central help grow world.
374,969,2024-03-23,4.36,Great develop idea ever may dream.
375,197,2024-09-08,2.9,Staff your us look tax nature.
376,94,2024-04-27,4.97,Who population today store total idea.
377,781,2024-04-19,3.18,Trial a if full popular represent game.
378,583,2023-08-02,4.76,City this country media force money.
379,444,2025-04-11,3.45,Movie small chance bank anything.
380,349,2023-12-11,2.98,Foot enjoy someone.
381,279,2024-08-28,3.32,Activity hear class military.
382,933,2024-10-31,3.92,Because draw live.
383,931,2025-01-17,2.96,Mind certainly young.
384,389,2024-04-10,3.36,Push main account center.
385,422,2023-07-01,4.43,Run staff get last.
386,872,2023-08-13,4.46,Happy beyond radio source partner weight when.
387,429,2024-10-18,4.08,Popular cell analysis must anyone agent identify.
388,731,2024-05-19,3.42,Understand start find.
389,118,2024-05-12,3.68,Against marriage career of spring quite.
390,340,2023-12-25,4.07,Responsibility include community picture.
391,267,2025-01-25,3.69,Opportunity production present story break unit.
392,161,2024-09-22,4.43,Fly century body figure will.
393,798,2024-02-07,2.77,Rule color create start eye.
394,223,2024-09-20,2.83,Young inside occur use save series fact.
395,311,2024-12-06,4.28,Entire authority fear tonight operation her.
396,734,2023-09-02,3.28,Close science tax mention treatment before.
397,626,2023-07-04,3.76,Attention rich edge road election.
398,403,2023-09-29,3.85,Say first around generation military culture story.
399,244,2024-11-01,4.0,Hundred fear course itself.
400,590,2025-06-02,3.74,Later wear way any couple.
401,934,2024-11-25,3.14,Hit bed along consider.
402,571,2024-02-19,4.6,Example return those single attention art.
403,498,2024-12-19,4.76,Admit cell people democratic group require make investment.
404,39,2025-03-12,4.46,Political office book glass.
405,384,2024-08-07,4.95,Picture service real red term.
406,867,2024-04-24,3.15,Performance serious account tax.
407,663,2024-04-09,3.82,Why position enter end five wear remain which.
408,499,2025-04-09,3.86,Fire particularly half former.
409,213,2024-01-05,3.64,Enjoy song camera record.
410,164,2024-10-24,4.17,Hour area bad six early cultural from.
411,152,2025-05-09,3.74,Whole huge enter return.
412,994,2024-09-16,2.87,Everything treatment interview eight former.
413,555,2025-05-14,4.96,End dog morning national.
414,154,2024-03-04,4.37,War head weight head.
415,100,2024-10-12,4.55,Play fill tonight society doctor cause PM.
416,777,2025-05-13,2.57,Development generation less worker.
417,812,2023-11-09,3.05,Beautiful light same month relate development so.
418,801,2025-04-02,4.76,Seek build amount trial they to.
419,225,2024-09-05,3.97,Identify lead compare fall want.
420,969,2023-09-12,4.16,Against would condition fast camera answer whom mention.
421,432,2023-11-07,4.52,Allow catch admit walk happen tax cold.
422,602,2024-12-13,4.58,True participant again risk side mean owner.
423,955,2023-10-07,2.57,Director us writer television.
424,471,2023-11-30,4.5,Above or arm same.
425,811,2024-09-04,4.23,Stand occur goal maintain other especially.
426,572,2023-11-17,2.64,Thousand thus may serious gun meeting.
427,977,2025-02-04,3.83,Kind never peace note draw writer.
428,782,2025-03-17,4.24,City land score program organization wind school.
429,438,2023-08-27,4.62,To serve rest necessary.
430,364,2023-08-17,3.55,Government sense design town cell.
431,340,2025-04-16,3.6,Total stop power available.
432,162,2024-10-04,3.85,Hear popular herself win eye table hundred.
433,563,2024-12-26,4.53,Fact eye continue choice.
434,701,2024-07-07,4.13,Cut agree bring carry season.
435,396,2023-08-28,4.58,Fish trip job somebody suggest.
436,275,2023-07-18,4.74,Hair keep culture question sport brother born arm.
437,378,2024-06-17,2.57,Dream drop difficult.
438,330,2024-05-04,4.52,Article simple same form like think eat.
439,699,2024-12-26,3.43,Beat scientist natural thousand trip.
440,771,2023-11-11,4.24,Discuss public newspaper four.
441,81,2024-04-27,4.79,Really none often add west side lawyer next.
442,60,2024-12-06,4.0,Clear than wind poor.
443,208,2025-05-29,4.0,Want four wait draw.
444,166,2024-04-21,3.54,For few nothing school with record prove read.
445,630,2024-05-18,3.65,Middle beat picture.
446,165,2024-12-20,4.91,Husband remember again position record what wrong.
447,266,2024-02-25,4.4,Music herself relate street bill.
448,597,2023-08-22,4.19,Agreement experience off lose human player.
449,39,2024-02-28,2.97,Local rate commercial box development professional.
450,272,2024-09-06,3.27,Try action happen building especially travel either.
451,552,2024-10-21,3.29,Sister occur check.
452,884,2024-06-02,2.99,Major without admit oil catch government.
453,786,2024-12-13,2.97,Three each notice least particularly table hot.
454,659,2024-11-20,3.85,Lose director star create.
455,723,2024-11-16,4.74,Inside political can necessary.
456,996,2024-11-15,3.65,Son talk his couple difference project time.
457,783,2023-07-26,2.98,Better church stuff kind technology somebody administration.
458,874,2024-02-07,4.07,Your leg individual.
459,20,2024-08-23,2.6,Quickly land star she.
460,541,2023-09-27,2.62,Field a hope.
461,61,2024-03-11,3.94,Back certainly would dream interest agency indeed.
462,365,2023-09-27,3.42,Act politics difference up situation.
463,760,2024-07-09,4.37,Crime throw show down let.
464,50,2023-06-21,3.65,Daughter work reduce direction glass worry.
465,413,2023-07-08,3.78,Offer soon institution develop.
466,168,2025-04-30,3.26,Story including new tough space.
467,902,2023-12-31,2.56,Feel health guess author authority condition fall some.
468,429,2023-09-13,4.14,Maybe let than control discover major with.
469,596,2024-05-10,3.71,Quite level expert opportunity exactly fall.
470,665,2024-06-08,4.66,Camera may though safe form thus with standard.
471,669,2024-12-08,2.94,Image total career film west smile.
472,359,2023-06-25,3.93,Than effort among wall right blue.
473,629,2025-05-08,4.57,Out movie kitchen myself one.
474,10,2024-11-04,3.57,Recognize radio bill less.
475,495,2025-03-02,3.96,Recently least development soldier bank everyone political.
476,377,2025-02-04,3.93,Kind watch civil strategy.
477,270,2024-02-12,4.43,Skin better magazine force thus gun.
478,590,2023-06-16,2.94,Class cut billion although whole challenge when else.
479,180,2024-04-16,3.49,Meet long artist far.
480,425,2023-12-23,4.76,Share race learn lay bed cause.
481,27,2024-04-23,3.75,Kind Republican interest figure who age increase wish.
482,223,2024-10-21,4.69,Check force ago job attention rate.
483,879,2024-10-13,4.6,Film rest five note.
484,857,2024-08-13,4.71,Economic section interesting send consumer always.
485,751,2024-07-01,2.81,Task although industry purpose.
486,254,2024-06-08,3.59,Him program by staff analysis business father.
487,543,2024-04-10,3.74,Defense half treat according perform health change him.
488,931,2024-07-23,3.21,Side continue affect conference movie father wish.
489,299,2025-05-10,4.67,Country artist likely human bank.
490,380,2024-11-25,4.79,Worry fall participant different.
491,909,2025-01-24,3.57,Finish tell guess new society save.
492,950,2025-05-25,4.86,Option sea kind exist oil what.
493,220,2024-06-20,4.26,Stage two campaign big experience.
494,785,2023-12-04,4.63,Tree prepare throughout not happen enter everybody.
495,568,2024-03-13,4.32,Financial firm old opportunity front.
496,238,2024-02-25,4.92,Research find old wall officer specific method.
497,436,2024-04-22,4.44,Short politics suddenly arrive.
498,650,2025-05-09,3.91,Somebody process skill off pattern avoid.
499,88,2023-12-16,4.5,Beat piece shake mouth.
500,795,2023-07-07,4.94,Accept report remember kind woman.
501,759,2024-12-03,3.74,Heart smile modern.
502,277,2023-12-17,3.67,General onto today staff ask fight skin.
503,899,2025-06-02,3.67,Would page force once citizen begin.
504,315,2025-01-30,3.85,Fund amount then.
505,895,2025-04-26,3.6,Evidence vote bar situation notice laugh throughout analysis.
506,235,2024-12-21,4.84,Sense each newspaper crime leave add central purpose.
507,559,2024-09-18,4.6,Institution little or computer.
508,309,2024-10-19,3.89,Across very discover group message nice plant opportunity.
509,468,2023-12-16,2.53,Vote easy how scene son organization head.
510,311,2023-12-20,3.07,Agent eye green power peace.
511,77,2024-05-17,4.81,Right lose age summer.
512,598,2024-03-27,4.61,Key others everybody about music themselves suddenly.
513,843,2024-07-17,4.72,Forget study start quality reduce himself fact.
514,614,2024-08-07,2.91,Year site official wait open.
515,693,2024-07-16,3.39,Girl real measure nation current listen may.
516,894,2024-11-05,4.23,Morning guy issue human whatever once his.
517,424,2023-06-20,4.13,Size senior mention feel good music hit line.
518,933,2024-12-30,2.97,Season office catch letter.
519,398,2023-06-18,3.57,Thousand instead he many accept.
520,238,2023-06-13,2.76,Less opportunity always green make generation ask.
521,223,2023-10-03,4.0,Reason stage car hear better detail race.
522,887,2024-12-03,4.94,Guess spring approach social above beat operation.
523,16,2024-04-01,4.07,Minute direction another.
524,358,2024-11-11,2.53,Though appear live those yeah choice travel admit.
525,997,2024-11-26,3.83,Black early government easy.
526,468,2024-11-23,4.02,Road now spring contain card painting.
527,224,2023-12-25,4.21,Put win apply respond have station.
528,73,2023-12-16,4.24,Check concern station push whom relate.
529,156,2024-11-22,4.34,Effect fine woman.
530,599,2025-06-10,3.37,Population language wind air.
531,219,2024-05-13,3.28,Rise action left drug yard pay today production.
532,309,2024-12-18,4.49,Determine risk account full.
533,564,2023-08-30,4.23,Former until letter activity above owner.
534,226,2025-01-20,4.13,Truth decide high local.
535,775,2024-08-30,3.51,Four career attack.
536,717,2024-04-25,3.37,Market project local rock American her fire.
537,201,2023-11-18,2.97,All yard box education note.
538,508,2025-01-04,2.94,Amount myself situation themselves executive professional own usually.
539,551,2025-06-04,2.9,And fish look.
540,836,2024-05-10,3.0,Rock resource song.
541,678,2023-12-14,3.69,Family this Mr indicate management reduce item.
542,943,2025-04-13,3.72,Present trade respond very guy whether buy.
543,337,2024-12-16,3.4,Partner student east else appear.
544,213,2025-06-03,2.52,Ever tend follow add.
545,171,2024-05-10,3.72,Same both instead stay price.
546,244,2024-03-20,3.95,Somebody seat cut.
547,85,2024-06-14,2.64,Kitchen enjoy parent they term cultural least.
548,663,2024-09-09,2.99,During understand believe quickly allow my.
549,521,2024-03-15,3.34,Town southern model.
550,665,2024-12-07,2.65,Street tell and or.
551,355,2025-06-11,4.3,Head often nature them factor end.
552,416,2024-01-07,2.51,Lead PM enjoy usually win indicate will.
553,992,2025-04-01,4.42,Despite artist so tell type he.
554,906,2024-10-17,3.9,Check throw direction group.
555,700,2023-08-03,2.59,Show per teacher cost big energy join system.
556,838,2024-10-15,2.72,Defense clear benefit possible.
557,563,2025-05-24,2.79,Second ever watch suddenly for Republican record.
558,296,2024-10-28,2.8,Prepare watch expert artist every effect.
559,996,2024-08-21,2.94,Lose share old fact.
560,449,2023-09-11,4.83,See nearly than line well gun must.
561,160,2025-04-27,4.69,Information too during really behavior toward food.
562,999,2025-06-07,3.08,Toward pressure charge security eight.
563,711,2023-09-04,2.52,Gas side anyone shake pretty.
564,278,2023-11-21,4.49,Foot unit newspaper statement cultural.
565,819,2023-10-17,4.1,Personal sound can one thought suddenly.
566,337,2023-07-11,2.78,New also office approach record.
567,917,2024-07-09,4.2,Course until check guy stuff nearly play.
568,180,2024-09-02,4.55,Use table prove party child.
569,641,2024-12-13,3.62,Moment third bit gun stock still.
570,498,2023-09-17,4.65,Positive although should through PM decision rest garden.
571,5,2024-09-23,2.81,Couple economy growth Republican arm.
572,137,2023-06-27,3.68,Citizen look lead tough short.
573,231,2023-11-18,3.81,Or office because style maybe now.
574,876,2023-11-15,4.18,Tend activity cause attention wide market.
575,509,2025-02-27,4.38,Goal my notice fact century improve.
576,41,2025-03-07,3.42,Rich almost eat threat worry.
577,936,2024-08-15,3.12,Pay less lay draw culture have baby.
578,580,2023-10-21,3.78,Available stock available entire professional evidence place.
579,284,2025-05-05,4.69,Painting public three popular husband specific.
580,885,2024-08-29,3.89,Free answer oil officer difference.
581,125,2024-11-07,4.14,Indeed work memory both check.
582,145,2023-11-04,3.19,Hair staff age discover stuff detail.
583,570,2023-06-16,2.87,This teach eight coach national matter.
584,708,2023-09-11,3.33,First truth treat threat Congress.
585,829,2023-11-28,4.04,Stock kitchen employee likely.
586,67,2024-02-25,3.74,Both nearly energy.
587,413,2025-05-30,2.74,Quite peace state top.
588,869,2024-07-25,4.67,Without professional forget ability.
589,117,2024-02-29,4.93,Run dream fact just yes staff partner.
590,330,2023-11-30,3.06,Fight safe decision situation listen remember important.
591,501,2023-06-17,3.04,Simple several hotel science vote.
592,941,2024-11-02,2.73,Enough site growth security subject treatment effect.
593,450,2024-08-04,2.9,Director leg trouble.
594,465,2025-03-08,2.75,Easy sort region price much.
595,423,2023-12-16,4.96,Structure candidate civil capital network wish common.
596,124,2023-11-01,4.31,Husband market cultural use my.
597,837,2025-06-03,3.49,Natural painting order safe bar.
598,701,2024-12-05,4.99,Feel from born study relationship yet.
599,406,2025-05-29,2.78,Authority control data benefit or.
600,215,2023-11-28,3.72,Son note can site program air others able.
601,110,2024-07-31,4.05,Continue surface close lead southern address.
602,664,2025-03-06,3.37,Senior discover door.
603,795,2023-12-29,3.58,Part space owner.
604,497,2024-07-08,4.14,Reduce entire between high citizen.
605,455,2023-11-08,2.6,Late attention across best every here reduce.
606,985,2024-04-15,3.02,Above lose crime often.
607,525,2023-07-24,4.02,Own fish treat party do high its nearly.
608,184,2024-02-26,3.92,Coach each black although find onto onto.
609,233,2025-03-01,4.26,Better just key control evidence decade offer.
610,129,2025-05-31,4.91,Air woman husband buy task.
611,684,2024-12-19,3.55,Sure send teach light student guess light.
612,149,2024-04-01,2.59,Dark product free step.
613,710,2023-10-02,4.53,Age body discover act share.
614,603,2025-05-28,4.1,Agent stuff significant more.
615,643,2024-07-31,4.73,Somebody we role building song offer team leave.
616,847,2023-07-25,3.99,Building now short prevent part likely moment.
617,933,2023-10-10,3.54,Language sometimes together piece.
618,376,2023-12-06,2.86,Across would son professional.
619,587,2023-11-14,2.95,Nor number teacher free this.
620,736,2024-06-15,3.35,So economic away.
621,595,2024-12-06,4.45,Former oil often yet.
622,584,2024-07-18,4.14,Including fact baby born.
623,644,2024-08-20,4.75,Important score value however special evidence national.
624,552,2024-07-04,3.76,Really age order official voice issue among life.
625,444,2024-01-10,4.73,Throw agree lose.
626,399,2024-07-28,3.04,Particular wish half.
627,118,2025-04-14,2.71,Run third than within book.
628,558,2025-04-06,3.04,Job grow world sense bag be thousand assume.
629,956,2024-10-06,3.3,Bed learn share attention many place evidence.
630,646,2024-06-09,4.14,Thing foreign speak.
631,371,2025-05-30,4.55,Military fish usually body.
632,726,2024-07-26,3.9,Report hour choice write value true.
633,399,2024-05-21,4.0,Open also allow staff audience.
634,853,2024-06-21,4.26,Key Mr economy throw recently station budget.
635,977,2024-08-14,2.89,Final organization director authority.
636,303,2024-02-05,3.26,These create sister poor brother election.
637,560,2025-05-22,2.57,Keep story enough successful arrive.
638,911,2024-03-12,3.28,Almost thing American however mother activity particular.
639,263,2024-03-13,3.59,Evening training my behind control management friend.
640,740,2025-04-07,2.77,Newspaper yet chance relationship common.
641,70,2024-11-15,3.28,Rule with purpose.
642,69,2023-09-02,3.33,Police site worker arrive guy three reason cell.
643,99,2024-09-30,2.98,May resource seven open someone policy.
644,990,2024-02-01,2.91,Human day factor student check item specific.
645,905,2024-04-27,3.18,Official reality since certainly hair fire security throw.
646,721,2023-10-30,3.32,Nice take admit rule pressure wait choice.
647,534,2023-08-12,2.66,Own affect discuss wife.
648,81,2024-04-20,4.53,Finish gas big both us.
649,322,2024-05-15,2.7,Half data issue number cause realize.
650,12,2024-11-03,3.56,Among ago college get.
651,218,2023-08-19,2.53,Everybody record west education blood.
652,906,2025-04-13,3.98,Better put choice explain television former.
653,62,2023-10-07,3.64,Letter book process total note.
654,768,2023-12-18,2.57,System floor exactly red keep strong indeed.
655,904,2025-01-11,4.62,Baby war right teacher safe.
656,778,2024-01-18,3.99,National man serious face generation glass guess.
657,669,2024-02-04,4.16,Eight about as to become.
658,768,2023-08-22,2.52,Rock painting population yourself.
659,302,2024-04-22,4.87,Wonder buy general include walk difficult of.
660,685,2025-02-06,4.86,Deep hair benefit then college type.
661,354,2024-12-25,3.65,Allow voice start write region.
662,490,2024-12-23,4.79,Let true evidence official simply one.
663,896,2024-08-14,3.67,Heavy always successful safe.
664,619,2024-02-27,4.08,Feel true clear standard.
665,336,2025-05-13,4.34,Enjoy pattern room body fill president that.
666,838,2024-02-20,2.85,Not name door behavior few color.
667,117,2025-01-25,3.98,College audience cup within although south.
668,536,2025-05-28,4.42,Now try major two answer sister.
669,536,2024-06-10,4.87,Game eight nation should bank market increase road.
670,601,2025-03-06,2.62,Month act prove agency explain maybe old along.
671,796,2024-06-18,3.39,Miss smile defense perhaps.
672,126,2023-09-29,4.66,May second do join must knowledge worker.
673,782,2025-03-09,4.65,Walk court political though trouble art model.
674,796,2024-12-31,2.92,Behind town bag economic there number keep.
675,564,2024-12-07,2.94,Contain describe past black rest free two.
676,157,2024-08-26,4.69,Not expert night result stuff bank person.
677,434,2023-09-19,3.99,Whole safe trouble.
678,732,2023-06-25,3.59,Push receive should stay.
679,969,2024-06-07,4.04,Seek population list discussion care.
680,269,2024-12-15,4.81,Apply act during.
681,508,2025-04-05,3.88,Dog single fight themselves appear.
682,156,2024-10-27,4.19,Usually operation box these happen.
683,708,2024-03-24,3.31,None candidate last.
684,983,2025-06-09,4.92,People knowledge political second.
685,355,2023-10-01,4.59,Economic space hope American follow prepare.
686,783,2024-05-07,3.02,Lawyer behind look much lawyer exactly.
687,369,2024-05-27,4.93,Your could manager.
688,184,2023-11-11,5.0,Consider hotel control employee lay campaign.
689,579,2024-10-15,4.96,Actually real camera individual understand box.
690,40,2024-12-12,4.22,Medical report animal any despite citizen parent manage.
691,364,2024-04-18,4.76,Purpose thousand control anyone forget relate could save.
692,926,2024-02-06,3.1,Radio voice capital military recently there.
693,888,2024-11-17,3.94,Scene we like from sense season.
694,693,2024-10-15,2.92,System service relate two I crime you.
695,91,2024-06-16,3.19,Debate according official interview.
696,524,2024-08-13,3.27,Ahead part if someone top sister form purpose.
697,728,2025-03-02,3.14,Off view walk hand per order.
698,329,2023-09-24,4.48,Loss agency choose.
699,86,2023-07-04,2.6,Need language them firm data.
700,207,2023-12-06,2.71,Ok those family note although.
701,907,2023-07-20,3.67,She truth let feel.
702,536,2024-05-15,4.94,Old wonder hundred article.
703,415,2023-12-02,4.45,Future behavior try road back.
704,451,2023-06-30,4.75,Color chance hand think reason.
705,431,2024-08-22,4.72,Join only face they director.
706,478,2024-08-26,4.3,Stock idea day wife music different just.
707,464,2025-01-31,3.88,Realize accept cup sit develop.
708,845,2025-04-08,4.47,Newspaper away mention range cut teacher.
709,629,2025-04-29,3.88,Across explain gas couple onto organization.
710,30,2025-04-10,3.08,Yes manager decision carry explain.
711,50,2025-02-22,4.24,Next very pull social.
712,696,2023-06-13,4.6,Relationship growth better summer why affect.
713,909,2025-06-08,4.92,Employee same focus amount participant between.
714,510,2023-12-29,4.27,Election across investment sure dog.
715,498,2025-02-20,4.74,Describe interesting society her seven point husband.
716,650,2024-01-11,3.07,Result production red education.
717,161,2024-11-25,3.57,Sort society government reduce.
718,999,2024-01-25,2.97,Always Mr set interest else.
719,175,2024-10-13,3.58,Strategy property create election.
720,74,2023-09-09,4.66,War individual we yeah money trouble easy.
721,311,2024-02-10,3.49,Meet be peace million oil.
722,565,2023-08-07,4.98,Although garden part both seat response.
723,967,2024-04-18,3.09,Table effort improve call.
724,977,2023-08-29,2.71,Fear behavior country.
725,500,2024-11-04,2.61,World world big chance front kind always.
726,504,2024-08-06,4.35,Your question shoulder the lose use.
727,990,2024-04-25,2.5,House market question tonight certainly political know.
728,723,2025-02-03,3.45,Policy nature door finish these.
729,429,2023-07-30,3.85,Team go day score college beat.
730,104,2024-08-28,2.59,Production right little improve effort.
731,228,2024-06-21,2.55,Gas fire half budget why.
732,424,2024-12-28,2.96,Court movement appear her century he note allow.
733,416,2024-02-12,3.24,Central different international information grow.
734,305,2025-02-13,3.43,Machine life bill.
735,265,2024-09-04,4.87,Page practice traditional health white.
736,622,2024-02-12,3.96,South audience interesting individual lot into.
737,769,2024-01-08,2.97,International reality bed article animal.
738,85,2023-06-17,2.89,Begin hope truth around wonder work.
739,381,2024-07-10,4.22,Hot either enough note commercial know until.
740,62,2024-07-03,4.94,Write bag wind child speech PM heavy.
741,682,2023-11-30,4.99,To form form music couple Mrs agency.
742,508,2025-03-31,4.7,Herself industry book inside offer current.
743,990,2023-08-26,4.57,Minute democratic relationship some forward environment.
744,417,2024-04-27,4.89,Lose nearly already enjoy artist.
745,15,2024-07-06,3.92,Last happy could week hotel.
746,32,2024-04-24,2.71,Entire condition stage between especially.
747,319,2024-07-06,4.78,Establish government large factor carry.
748,37,2023-12-18,2.61,Chance Congress off test direction.
749,961,2024-12-19,3.7,Enough say forget food.
750,107,2024-11-26,3.36,Send sister win impact.
751,975,2025-04-19,2.78,Staff rate soon special before.
752,646,2024-08-19,4.23,Radio and water either thing protect.
753,431,2023-11-03,3.31,Act herself dark focus its reason.
754,866,2023-07-06,4.17,None worry why late.
755,992,2024-09-03,4.26,Their program visit how city Republican manage life.
756,519,2024-08-27,3.82,Billion table behavior give now.
757,962,2024-03-29,4.66,Choice program management market.
758,912,2024-02-27,3.65,Final media democratic chair.
759,560,2025-03-30,4.18,Strategy interest action environment.
760,850,2024-04-27,4.41,Gun see structure him loss change interview condition.
761,968,2025-01-25,3.11,Woman it north key.
762,285,2025-01-30,3.65,Audience alone customer significant.
763,29,2024-05-24,4.68,Manager time reduce bad full.
764,813,2024-06-20,4.7,Record establish no apply.
765,636,2025-05-16,3.6,Leave open enough indicate.
766,142,2024-08-10,2.84,Risk expect six year feeling.
767,419,2023-10-23,2.96,Above let much claim.
768,889,2023-06-18,4.81,Effort I professional serve theory part close try.
769,125,2024-10-03,2.67,Which help live would still computer.
770,844,2024-11-01,4.98,Yet since race card.
771,752,2025-01-24,2.66,Side believe land smile husband too.
772,418,2024-02-09,3.48,Visit detail dinner few laugh.
773,368,2025-01-19,3.63,But fight right different itself risk situation.
774,914,2024-05-18,4.98,Present first prepare past teacher PM two.
775,254,2025-01-08,3.72,Discuss say dinner against drug test.
776,774,2024-09-09,3.84,Case throw leg treatment bring Mr will admit.
777,634,2024-01-16,4.57,However understand including discuss thousand.
778,839,2024-07-30,4.3,Their building laugh conference not same.
779,848,2025-03-12,4.07,New employee grow reflect compare detail.
780,68,2024-06-22,4.54,Marriage why car address energy.
781,229,2024-10-17,3.86,Official maintain under pass focus send officer room.
782,171,2025-02-11,2.54,That tend trade.
783,735,2024-09-27,4.41,View baby explain large.
784,619,2023-11-08,3.29,Direction financial situation.
785,663,2023-07-15,4.84,Again rate various card.
786,16,2023-09-30,3.89,Character off reach finish.
787,672,2023-10-31,4.46,Trade happen return main.
788,741,2023-07-18,3.42,Town wrong certain true around thus ahead.
789,415,2024-01-26,3.66,Land sport guy.
790,573,2025-06-07,3.82,Part peace such.
791,57,2024-04-14,3.22,Actually by power visit.
792,699,2024-10-26,4.99,Worry if record risk large tax bar.
793,775,2025-03-18,4.6,Attack herself hand so value student.
794,631,2024-03-22,2.79,Turn investment after all forward require our.
795,733,2024-09-15,4.85,Discover fly kitchen PM box kid interest.
796,2,2024-08-08,2.59,Painting other land north local total able.
797,171,2023-08-07,2.96,Remain number team just structure officer need kind.
798,96,2025-04-17,3.52,Ground option care build traditional.
799,748,2025-02-07,2.94,Machine south just live.
800,916,2024-03-20,3.86,Year line see from read.
801,406,2024-06-24,3.08,Forward read thought most.
802,163,2024-03-14,4.73,High improve between large political.
803,135,2025-04-27,3.65,Idea modern order brother where seek.
804,542,2023-12-29,2.61,Power business whom opportunity attention.
805,797,2023-07-03,3.74,Middle western senior rate hand.
806,420,2024-08-04,4.47,Fly support enough few appear campaign tell.
807,841,2023-06-25,4.69,Race stand peace certain training blue.
808,563,2023-12-16,2.69,Get race smile same left.
809,518,2024-07-02,3.36,Another man run present discussion off doctor.
810,468,2023-06-28,3.14,Later kid think kind.
811,840,2023-10-19,2.86,Agree add prevent itself so lawyer.
812,345,2025-03-22,3.98,Analysis should different western really.
813,164,2024-04-09,4.77,Quite glass church record home section author.
814,128,2023-09-01,3.64,Glass director hospital.
815,791,2024-09-19,4.6,Bank something door decision front.
816,224,2024-04-21,4.0,Response successful spend investment within.
817,410,2024-07-30,3.89,Security bad admit.
818,203,2025-04-27,2.56,Bit power spend goal.
819,992,2024-09-23,4.04,Instead live national public international never year.
820,219,2023-07-26,3.4,Enough pressure mission according direction campaign.
821,642,2024-06-01,3.93,Matter better accept.
822,649,2025-05-31,2.6,Sometimes authority idea a worker make need.
823,105,2025-03-11,3.96,Well ask establish movie.
824,14,2023-08-12,4.24,Employee know PM generation garden.
825,649,2024-08-11,4.76,Daughter on ready authority pick.
826,747,2024-06-10,3.31,Bill theory bill wind political.
827,340,2024-07-22,4.84,Choose difficult produce.
828,846,2025-02-22,2.81,Environment writer religious defense.
829,220,2025-03-28,3.55,Later side teach here talk follow.
830,740,2023-07-27,2.95,Instead important successful member response.
831,451,2024-04-12,2.96,Street audience kitchen easy.
832,169,2024-01-01,2.5,Shake know from impact evidence including moment.
833,649,2024-11-11,3.63,Help base might push.
834,20,2025-04-26,3.2,Impact themselves Republican financial hair speak onto.
835,589,2024-04-24,2.6,What suddenly add radio image experience.
836,799,2024-04-06,4.68,Tough measure long me.
837,278,2024-10-08,3.23,Really theory least record just key improve.
838,964,2025-04-03,3.1,Sometimes list hard and strong guy.
839,78,2024-07-07,4.71,How arm quickly like.
840,429,2023-08-24,4.66,Hot third center true project sign.
841,698,2023-06-17,2.74,Race old result part.
842,377,2023-07-19,4.78,Out among teach over consider energy.
843,562,2025-03-07,3.86,Health western movement reach before hair born fact.
844,590,2023-12-28,4.05,Car career claim member.
845,903,2024-11-15,4.8,Pressure light sound live.
846,921,2023-12-12,4.14,Education rich suggest thing pressure couple total adult.
847,980,2025-01-04,4.78,Off for close card allow.
848,331,2024-03-07,4.35,Chair hospital well board along foreign.
849,647,2025-04-02,4.76,Garden study dog woman attorney movie any.
850,290,2023-12-15,3.56,Want three high page.
851,541,2025-02-28,3.39,Position feeling sit size bit medical for work.
852,466,2024-10-17,4.4,Kind require room.
853,126,2023-07-22,2.62,Much say civil foreign.
854,406,2024-08-18,4.54,Mouth behavior popular her marriage same old.
855,233,2025-03-23,2.61,Exactly even marriage week time foot.
856,4,2024-07-18,3.31,Early yes general include ok personal have dream.
857,614,2023-10-03,3.06,Organization hour should cost.
858,947,2023-07-14,3.89,Short billion financial huge government present effort.
859,338,2023-09-04,4.4,Mind effort performance door.
860,349,2024-03-13,3.04,Effect local soldier clearly individual.
861,895,2024-08-23,3.41,Couple stay dinner better investment.
862,341,2024-01-02,2.51,Eight write high politics candidate.
863,573,2024-12-22,3.04,Political painting what already reveal away.
864,865,2025-05-15,2.67,Individual clearly indicate mouth debate.
865,624,2023-08-23,4.52,Provide institution citizen can boy.
866,768,2023-07-20,4.36,Explain son born west it.
867,386,2023-09-06,4.16,Coach either quality level student.
868,822,2024-08-29,3.92,Employee fly own wish his but.
869,150,2023-08-31,3.64,Important reason indeed bag.
870,1000,2023-11-05,3.65,Ground interesting eight better even lay car my.
871,14,2024-09-22,3.11,Keep do baby.
872,689,2024-02-06,2.98,Cost tough add provide increase.
873,16,2024-11-02,2.82,Difficult tough part type executive huge.
874,695,2025-01-19,3.2,Age loss fire order.
875,303,2024-01-21,3.48,Interest wish finally eye.
876,637,2024-09-15,3.63,People when land day.
877,705,2024-10-25,4.62,Hit message laugh sing.
878,527,2024-02-02,3.56,Get fire address sure well just.
879,761,2023-09-17,3.09,Truth star determine stand only chance media case.
880,239,2023-09-27,4.82,Along major partner.
881,926,2023-10-01,3.78,Each attack voice.
882,802,2023-10-05,4.68,Between through reason matter approach case.
883,967,2024-06-26,3.72,Gas sea beat quickly economy.
884,312,2025-05-04,3.81,Manager door Republican child marriage tree raise.
885,52,2024-04-27,3.16,Better remain street position number everyone.
886,35,2025-04-05,3.81,World week wind successful agree create.
887,991,2024-11-01,3.71,Most less skill office visit rule medical.
888,187,2024-02-25,4.51,Couple value a actually study fish.
889,403,2024-08-04,2.7,Special poor statement local grow.
890,116,2024-06-07,3.5,Including despite people green most simple situation.
891,164,2024-04-18,2.74,Late describe job skill chance change grow class.
892,723,2023-09-13,4.29,Floor address team tree.
893,458,2024-11-15,4.6,Provide personal manager many significant state note.
894,557,2025-03-28,3.77,Onto enough arrive support left direction president.
895,953,2025-05-18,4.01,Alone option material send part account customer.
896,348,2024-02-15,4.38,Watch never response.
897,535,2024-12-05,2.8,Seven explain interesting girl note.
898,992,2024-05-30,3.87,Why property miss energy.
899,615,2024-03-17,3.63,Personal subject magazine cost according one.
900,104,2025-03-10,2.75,Forget work admit most key interview affect.
901,328,2024-09-26,4.02,Maybe threat reflect up.
902,299,2023-10-01,4.0,Keep west report sometimes.
903,394,2024-02-28,3.98,Father under employee ago stay trouble.
904,288,2023-07-04,4.7,Source kind finish consumer give attack west it.
905,625,2025-04-16,3.35,Relationship wish may.
906,711,2024-03-17,4.84,Itself so hot term fact special high current.
907,850,2024-02-27,4.91,Join weight type class.
908,693,2024-12-31,2.84,She approach partner finish boy dark seven.
909,376,2024-01-24,3.34,Always minute democratic tonight reach more.
910,553,2025-04-13,4.14,Town myself clear company role.
911,873,2023-09-08,3.02,Lay decade never.
912,242,2024-10-04,4.18,Baby politics everybody we study.
913,1000,2024-04-18,2.84,Concern else side least man ability.
914,645,2024-10-30,3.0,Teach trouble student happy upon speech beyond.
915,347,2025-03-07,3.73,School world message bit thousand space market.
916,383,2023-09-07,2.83,Form national choice thing.
917,138,2023-08-06,3.53,Yard send think popular try foreign.
918,838,2024-08-20,2.52,Practice rock shoulder.
919,628,2024-02-11,4.44,Environmental economy explain.
920,143,2025-02-03,4.21,Then hand laugh how impact.
921,200,2024-06-03,4.37,Have add current her must really choice tree.
922,557,2024-08-20,2.56,Water class wish others especially plan process.
923,488,2024-11-28,4.29,Provide agreement can.
924,911,2024-07-09,4.88,Middle make news pattern heavy voice arm.
925,638,2024-09-07,3.63,Least Mrs direction throw sell fly similar.
926,827,2025-04-10,4.11,Past third religious simple participant information choice popular.
927,559,2025-04-16,3.32,Tree happen catch record themselves mind.
928,251,2024-08-08,3.45,Tonight general where environmental.
929,447,2024-12-17,3.47,Marriage hour director school.
930,763,2023-09-01,3.56,Will person by right role car.
931,303,2024-09-05,4.44,Race subject us now human help measure.
932,121,2023-08-07,4.11,Reach current model stock.
933,279,2024-09-09,4.91,Half wonder line message help true magazine.
934,369,2024-01-17,3.52,Store table control claim today someone.
935,115,2024-05-14,4.02,Think yard article wind reflect establish work.
936,417,2024-03-15,4.14,Campaign cover certainly thought save play.
937,412,2023-10-16,2.81,Follow effort nature toward.
938,334,2024-06-14,4.08,Trade poor than management possible.
939,867,2025-06-10,3.17,Evening year visit series that story attorney.
940,640,2025-01-21,4.05,Itself reflect bag such particularly such take.
941,901,2023-09-26,2.76,Arrive animal both say boy church.
942,689,2024-12-20,2.84,Determine gas case hair list approach commercial.
943,760,2024-01-24,2.76,Bill event feeling carry together day story within.
944,142,2023-11-02,4.28,Section information themselves serve.
945,471,2024-06-26,3.25,Box standard firm prepare election.
946,633,2025-05-09,4.6,Increase upon body artist Republican weight base.
947,377,2024-06-14,4.15,Tend population specific difference different paper word.
948,904,2025-04-21,4.04,Economic field leave style hotel.
949,842,2025-04-17,3.81,Behind article second religious.
950,100,2025-04-28,4.93,Rich opportunity later heart issue.
951,97,2023-07-06,2.55,Probably subject old officer note.
952,329,2024-01-19,3.33,Century less respond development building.
953,211,2023-07-10,3.78,Player degree while senior.
954,181,2024-10-31,2.85,Team seat main accept many alone.
955,904,2025-02-01,4.31,Candidate defense per feel.
956,245,2024-07-02,4.38,Spend international study put what everything.
957,758,2023-08-13,4.75,Wait century debate yet.
958,280,2024-01-02,3.8,Walk admit rate project case.
959,135,2024-07-19,4.25,Just hope computer tax box opportunity.
960,859,2024-10-05,3.48,Financial must scientist minute.
961,423,2025-06-08,4.83,Training cost crime protect expect no past.
962,310,2024-11-17,4.86,Serve industry customer become magazine entire no glass.
963,92,2023-08-07,2.77,Course message down image.
964,10,2025-01-09,3.84,Gun attorney think return population.
965,177,2023-06-29,4.69,Stand skin all pattern month night say.
966,499,2024-06-23,2.96,Send hospital side politics.
967,296,2024-07-05,2.74,Who grow economy order herself seem whole.
968,246,2024-01-01,4.3,Sound mention player.
969,323,2023-06-26,3.33,Their hard high everyone country five.
970,825,2024-10-27,4.28,Four quite less subject business development.
971,906,2024-10-30,3.79,Would example theory system current.
972,724,2025-06-11,4.48,Item task ask.
973,382,2023-11-06,4.81,Store decade easy clearly century.
974,429,2024-01-29,4.04,Suggest bit significant best draw people.
975,536,2023-12-31,4.71,Explain population billion make under though home.
976,296,2025-05-19,4.86,North last sound.
977,791,2024-04-04,3.93,Response field wrong.
978,472,2024-01-06,2.58,Series reduce TV bring describe.
979,413,2024-11-25,2.79,Book call feel.
980,462,2024-07-09,2.6,Read ability say.
981,716,2025-04-23,3.96,Next town fund when radio field question.
982,229,2024-03-19,3.57,Exactly outside west voice six certainly sign.
983,535,2024-04-08,4.56,Off peace which.
984,858,2024-08-27,2.63,Would with bar will two law TV.
985,430,2025-04-14,3.47,Up each safe.
986,663,2024-04-11,3.88,Someone trial ever gas manager.
987,424,2024-07-21,2.84,Material partner responsibility heart tough anything.
988,316,2023-12-31,4.34,Seat live should participant.
989,180,2023-07-21,3.81,Site arrive marriage another change.
990,519,2025-01-16,2.63,General place base address.
991,86,2025-05-24,3.43,Parent week now life media speak.
992,84,2024-12-30,4.03,Focus yourself off wide one task if.
993,946,2024-11-06,2.52,Discussion black chair gas four institution.
994,31,2024-07-01,4.87,Personal lose key want side house.
995,964,2024-12-05,3.42,Public force throw.
996,742,2023-12-01,3.12,Everything feel conference laugh market minute.
997,473,2024-04-26,3.11,Raise wife experience firm.
998,378,2023-11-19,4.24,Spring field right position finish both door water.
999,872,2024-03-03,3.36,Management nice form size notice.
1000,123,2024-03-29,2.94,Student risk culture recognize daughter order do.
