ID_Feedback,ID_Empleado,Fecha,Tipo,Comentario,Evaluador
1,777,2025-05-10,1:1,Meeting certainly should be walk operation city.,Maria Pennington
2,348,2024-10-17,1:1,Form player skill south marriage billion.,Anthony Baker Jr.
3,467,2025-04-18,Peer,Catch certain save ok.,Veronica Reid
4,618,2025-02-24,Peer,Always learn along alone single blue baby.,Timothy Jones
5,768,2025-02-01,Peer,Cultural quite speech decide education paper.,Michelle Shepard
6,664,2024-10-05,Peer,Certain collection now new consumer Republican right remember clearly.,Jessica Woods
7,840,2024-11-11,Cliente Interno,Top several arm federal pass.,Leslie Shaw
8,709,2025-05-25,Cliente Interno,Bar one church bed better pass throughout light.,Kevin Li
9,237,2025-02-23,Cliente Interno,Out religious industry sound over unit whom it tell.,Jonathan Bird
10,815,2024-11-27,Cliente Interno,Health weight determine child short woman answer suffer car.,Kelly Wells
11,411,2024-11-06,Cliente Interno,General give hospital turn strong minute style.,Andrea Bowers
12,992,2024-08-18,Cliente Interno,Support themselves bring force dark friend you war help.,Molly Mcgrath
13,592,2025-03-28,Cliente Interno,Partner exactly company listen including police.,Ronald Harrell
14,490,2025-04-07,Peer,Various environmental seat free available.,Kathleen Fisher
15,998,2024-09-30,Cliente Interno,Image political magazine generation house level.,Xavier Navarro
16,473,2024-06-20,Cliente Interno,You who collection determine century green.,Dylan Knight
17,437,2024-09-16,Peer,Start rock security thus agency true movement.,James Smith
18,821,2024-07-30,Cliente Interno,Point change born lot someone culture police whatever thought.,Michelle Russell
19,904,2025-05-09,Cliente Interno,Great piece positive son.,Martin Wright
20,427,2025-02-21,1:1,Spring none point oil.,Christopher Davis
21,276,2025-01-26,1:1,Support stock region at amount today have turn.,James Taylor
22,549,2025-02-17,Cliente Interno,Or clear view report.,Douglas Thompson
23,481,2025-03-11,1:1,Study expect production four.,Eddie Huffman
24,972,2024-10-24,Cliente Interno,Leader including federal per.,Heidi Young
25,475,2025-01-16,Cliente Interno,New leave course purpose particularly never food describe.,Jacqueline Morris
26,432,2024-09-18,1:1,Artist discuss several probably really where drug.,Kelly Rodriguez
27,295,2024-08-11,Peer,At enter explain her hair.,Ian Welch
28,379,2024-07-05,Cliente Interno,Product least city listen forward face.,Brandon Walters
29,83,2024-10-19,1:1,Beyond morning health yourself buy time.,John Cruz
30,224,2024-11-26,Cliente Interno,Dream four any feeling fight peace.,Jessica Dixon
31,795,2025-05-17,Peer,Throughout body significant above color group.,Brian Moore
32,828,2025-04-26,1:1,Wide respond source direction table unit establish coach.,John Thompson
33,531,2025-03-13,Cliente Interno,No art drive smile.,Joel Steele
34,498,2024-08-21,Peer,Garden no market all box.,Dustin Golden
35,173,2024-08-20,Peer,Range old mean begin.,Jessica Frazier
36,669,2025-02-12,1:1,Window look hundred since reach plant least whether debate.,Brandi Hoffman
37,243,2024-11-16,1:1,Morning especially network southern raise everything product win.,Erica Gutierrez
38,956,2024-12-24,Cliente Interno,Lay at debate part source other.,Julia Hunt
39,366,2025-04-28,Peer,Paper at hotel rest be carry buy.,Regina Wolf
40,715,2025-03-04,Peer,Quality citizen police far.,Christine Kim
41,464,2024-07-16,1:1,Everyone fine government us end.,Robert Herring
42,463,2024-07-21,1:1,Wish argue final present final.,Sarah Novak
43,992,2024-07-27,1:1,College hard parent by that light cut.,Kaylee Phelps
44,266,2025-01-08,Peer,Employee education fear probably mind would.,Kathleen Robinson
45,430,2024-09-05,Cliente Interno,Modern such trade lose down.,Martin Brooks
46,327,2025-03-23,Peer,Myself recently design owner ball writer.,John Nguyen
47,371,2025-06-01,Peer,Account herself everybody teacher.,Gabriella Jones
48,430,2025-03-11,Peer,Debate baby purpose front consider.,Sherri Wilson
49,177,2024-08-25,Cliente Interno,Natural everything pay rest.,Laura Carter
50,148,2024-07-31,1:1,Road white toward baby foreign change.,William Thornton
51,532,2025-04-30,Cliente Interno,Cut third responsibility school.,Denise Terry
52,126,2025-01-21,Peer,Her professor charge than.,Jonathan Stein
53,101,2024-07-25,1:1,Media hair nor hot resource.,Alvin Kent
54,101,2024-08-29,Cliente Interno,Value human rise still country science.,Michelle Smith
55,3,2025-04-09,Peer,Case debate training age.,Brandon Sanchez
56,599,2024-12-03,Cliente Interno,Remain yeah away them character agree community action.,Robert Hudson
57,830,2025-02-20,Cliente Interno,Serious try subject visit entire various.,Nicole Richmond
58,933,2025-04-19,Peer,Detail religious foot be town.,Robert Williams
59,336,2025-03-29,Cliente Interno,Both newspaper professional someone training poor care current.,Brandy Ponce
60,963,2025-03-14,Peer,Book network lay budget piece.,Kathleen Walker
61,81,2025-05-08,1:1,Single read car its within character sometimes show card.,Kathleen Becker
62,751,2025-04-18,Cliente Interno,Laugh maintain push bring air south audience.,Brandy Hughes
63,991,2025-01-15,Peer,Society show wonder cost high forward south ok.,Dalton Smith
64,876,2025-02-10,1:1,Green goal piece role.,Alexandria Francis
65,125,2024-12-05,Cliente Interno,Common question technology star expert five course.,Robert Friedman
66,246,2025-01-19,Peer,Animal partner friend so.,Gregory Schneider
67,386,2024-12-23,1:1,Material affect there miss behind music house.,Robert Castillo
68,274,2025-05-09,Cliente Interno,None point million south toward leader success American clear.,Steven Adams
69,80,2025-02-11,Peer,Wonder necessary much include most hand rather would.,Mr. James Franco
70,124,2025-01-22,1:1,Reason campaign participant never story organization decade reduce yourself.,Darryl Simpson
71,537,2024-07-29,1:1,Body well class benefit science free box.,Kari Carney
72,372,2024-07-15,Cliente Interno,Official personal be place avoid degree.,James Larsen
73,463,2025-04-01,Peer,Nice although agent able site show guess.,Sarah Hodges
74,129,2024-07-22,1:1,Middle across science economy design thank on author.,Jennifer Barnett
75,990,2025-03-31,1:1,Decide vote her interview later.,Ashley Quinn
76,98,2025-04-20,Cliente Interno,Environment cold tonight sometimes dark science line.,Anthony Holmes
77,648,2024-12-28,Peer,Kitchen these often score understand.,John Combs
78,731,2025-01-23,Cliente Interno,At tell couple stock item arm.,Eric Dawson
79,25,2024-11-12,Peer,Manager eye similar TV want.,Heidi Romero
80,997,2025-01-01,Cliente Interno,Lead support fall contain miss commercial.,Kristen Mcconnell
81,558,2025-05-25,Peer,Call study nothing democratic.,Jose Rodriguez
82,503,2025-02-18,Cliente Interno,Their wish carry threat special sit.,Jason Lee
83,158,2024-09-07,Peer,Talk early arm shoulder the.,Carla Garcia
84,807,2024-08-04,1:1,Bad scientist it fall science her good Democrat these.,Michelle Olson
85,236,2025-02-12,Cliente Interno,Take institution star stand father.,Jamie Clark
86,307,2024-08-22,1:1,Blood edge up shoulder attack cultural chance song management.,Phillip Miller
87,307,2024-12-22,Peer,Government behavior account eye official gun method think position.,Benjamin Silva
88,824,2024-08-07,Cliente Interno,Citizen relationship force along reach trip ready memory.,Alison Sherman
89,565,2024-09-03,1:1,Station add address thing tend.,Kristi Stewart
90,235,2024-09-16,Peer,Particular quite true maybe.,Michael Yoder
91,359,2024-07-09,Peer,Get kitchen Republican his as often.,Randy Nelson
92,24,2025-03-02,1:1,Continue success challenge onto visit.,Kenneth Padilla
93,453,2025-04-21,1:1,History agent economic another special.,Pamela Faulkner
94,513,2025-05-28,Cliente Interno,Old discuss child glass find up buy.,Terri Morris
95,623,2025-01-07,1:1,Modern state him theory painting.,Shane Mills
96,131,2025-04-13,Cliente Interno,Design area become help different water dark fact Democrat.,Andrea Webster
97,164,2024-09-24,Cliente Interno,Yourself exist prevent question third product.,Mario Thomas
98,119,2024-11-09,1:1,Rise onto try way specific room able.,Jamie Clark
99,212,2024-11-24,1:1,Us care into past week father.,Donna Buck
100,429,2025-04-17,Peer,Table ago worry economy thus avoid.,Mark Walker
101,97,2024-11-09,1:1,Care interest consumer natural fill.,Kimberly Evans
102,452,2024-11-12,Cliente Interno,Relationship go fear off clearly should kitchen field consider.,Andre Anderson
103,921,2024-07-05,1:1,Surface next guy age perhaps.,Johnny Brooks
104,667,2024-12-29,Cliente Interno,Age seem address result father see everybody international.,Robert Rodriguez
105,435,2024-09-24,1:1,Year most wall thought minute.,James Villa
106,259,2025-01-10,Peer,Knowledge wrong price skin forward charge sea.,Stephanie Jones
107,724,2024-11-12,Peer,Office old use mission until school save from.,James Collins
108,395,2024-12-14,Cliente Interno,Movie hand than it left education than employee million.,Michelle Kim
109,252,2025-05-30,Peer,Necessary fall law new tax choose up.,Danielle Taylor
110,953,2025-04-14,Peer,Coach loss daughter mean produce growth pretty over.,Brent Anderson
111,680,2025-03-14,Peer,Authority region black study radio move source.,Dana Beard
112,645,2025-04-01,1:1,Young go deal job most shoulder grow go.,Megan Ruiz
113,892,2025-01-27,Peer,Relate meet determine explain.,Karen Sutton
114,555,2025-03-31,Peer,It answer four parent less.,Melissa Thomas
115,484,2025-01-05,1:1,Million begin present deep human customer this.,Michael Roy
116,743,2024-10-05,1:1,Bring recognize goal painting center around early couple.,Craig Welch
117,28,2024-09-11,Peer,Evening last eat entire traditional side.,Anthony Smith
118,771,2024-12-28,1:1,In get four social.,Erin Walker
119,660,2025-02-11,Peer,Dog effort make home remember.,Cynthia Brown
120,349,2025-04-26,Peer,Performance help brother consider method dinner.,Molly Frye
121,644,2025-02-06,Cliente Interno,Democrat tree design until civil attorney human.,Danielle Harris
122,627,2024-09-03,Peer,Adult home huge card any sense bag interest floor.,Erin Hoffman
123,469,2024-09-07,Peer,Peace than arrive civil.,Jason Knight
124,331,2024-07-15,Cliente Interno,Yet artist me show might painting.,Rebecca Navarro
125,325,2025-05-07,Peer,Style several wide teach wonder system similar forget radio.,Blake Klein
126,421,2024-08-06,Peer,Several about store institution dog.,Michael Arroyo
127,101,2024-12-29,Peer,Cut operation woman resource visit.,William Kelly
128,473,2024-06-20,Cliente Interno,Top third goal business crime.,Robert Gray
129,142,2024-06-30,Peer,Consider week religious Democrat production gas.,Keith Bryant
130,102,2025-05-25,Peer,Reach improve economic outside claim career score card know.,Rachael Hoover
131,489,2024-08-22,Cliente Interno,World network back late.,Daniel Rivera
132,336,2024-06-15,Cliente Interno,Turn consumer attention control top prepare not.,Norma Jimenez
133,118,2025-04-03,1:1,Whole some value me car night professional page bag.,Pamela West
134,898,2024-10-05,1:1,Left cut discussion land institution.,Mark Hunt
135,302,2025-01-25,Cliente Interno,Second collection bar guy edge six by thousand.,William Logan
136,636,2024-08-29,Cliente Interno,First catch history old force cut drop.,Cindy Flowers
137,419,2025-01-28,Peer,Quite before feel both.,Jennifer Reyes
138,351,2025-02-15,Cliente Interno,Place street field second outside total.,Ian Gray
139,327,2025-01-02,Peer,Against kitchen task degree Congress because different idea common.,Joyce Stewart
140,492,2025-03-09,1:1,West manage measure open data walk over.,Carolyn Saunders
141,901,2025-01-30,1:1,Yourself step hot pass teacher assume camera establish three.,Katherine Johnson
142,767,2024-10-26,Peer,Thought firm wear sea debate there Mrs rise.,Patricia Hicks
143,203,2025-05-13,Peer,Approach property provide cut pattern whose create necessary.,Morgan Smith
144,969,2024-09-18,1:1,Main worker near apply movement treatment after purpose skill.,Melissa Tate
145,209,2025-01-28,1:1,A feeling interesting southern music together drop off.,Sharon Black
146,986,2024-12-04,1:1,Compare nation recent best top author.,Kevin Simpson
147,654,2024-09-14,Cliente Interno,Government organization design dream million.,Mr. Connor Perry
148,571,2025-04-19,1:1,Stuff environment ok next week someone.,Taylor Rodriguez
149,257,2024-08-03,Cliente Interno,Likely fact quality her help cut same product.,Melanie Sanders
150,471,2024-10-09,Cliente Interno,Especially key support side whatever.,Elijah Williams
151,325,2024-08-06,1:1,Community window month later war wind agency hotel plan.,Alicia Morrison
152,757,2024-11-24,1:1,Beyond number a argue nation common according they drug.,Tracey Woods
153,905,2025-03-03,Cliente Interno,Manage thus five treatment son difference.,Hector Johnson
154,778,2025-05-12,Cliente Interno,Interesting receive movie minute.,Angelica Harrington
155,330,2024-06-26,1:1,Child during look health far study fight talk.,Charles Meyer
156,694,2024-08-05,Peer,Its son grow spend authority network around both life.,Deanna Parker
157,819,2025-04-10,1:1,Two occur report PM degree thing.,Pamela Diaz
158,221,2024-08-15,1:1,Could hard wrong chance someone any black.,Kristin Flores
159,975,2025-04-15,Peer,Somebody like we together win bring.,Stacey Newman
160,854,2024-07-16,Cliente Interno,Billion huge loss operation political call put final.,Tina Hanson
161,935,2025-06-11,Cliente Interno,Since we personal matter become onto executive.,Stephanie Jones
162,416,2025-01-04,Peer,Do reach space condition the foot.,Kelly Adams
163,131,2024-06-29,Cliente Interno,Central off sign against hour animal authority.,Catherine Smith
164,138,2024-07-17,Cliente Interno,Could property charge case suddenly.,Samuel White
165,935,2025-03-15,Cliente Interno,Those item edge develop.,Amy Henderson
166,31,2024-07-04,Cliente Interno,Technology use size third simply every change join federal.,Matthew Bean
167,7,2024-07-04,Cliente Interno,Fine interest subject finally establish course organization guy follow.,Cynthia Moore
168,560,2024-11-20,1:1,Bag book increase company without although until place ready.,Angela Roberts
169,484,2025-06-10,Cliente Interno,Item carry determine effect church measure marriage sell program.,Samantha Salas
170,852,2024-07-12,Peer,Less wrong analysis in brother store choice.,Brian Brown
171,851,2024-11-22,Cliente Interno,Turn after onto opportunity picture station prove score.,Jennifer Crawford
172,541,2024-12-16,Peer,Stay they success few war value offer.,Karen Dyer
173,774,2024-07-11,Cliente Interno,Lawyer class difficult community edge increase culture take.,Angela Fuller
174,7,2024-07-23,Peer,Particularly present fast door skill song huge time.,Debra Rice
175,123,2025-03-13,1:1,Which try realize condition argue call.,Jeremy Hernandez
176,879,2024-09-13,Peer,Source time often father stand provide brother bad.,Katherine Landry
177,308,2024-06-19,Peer,Glass a weight improve space difficult coach adult.,Joshua Ramos
178,312,2025-02-01,1:1,If difference eat as its decade drop job when.,Maurice Montgomery
179,519,2024-07-09,1:1,Player power morning deep this.,Cody Thomas
180,780,2024-08-30,1:1,Than fire establish common close turn certainly white.,Douglas Marquez
181,130,2025-04-08,Cliente Interno,Source red four little reality open gun place age.,Gary Pham
182,958,2025-05-31,Cliente Interno,Shake compare try small whom cut everybody radio.,Samantha Jackson
183,881,2025-01-27,1:1,Scientist right condition try.,Brandon Howard
184,381,2024-06-30,1:1,Writer second future two interesting.,Shannon Keller
185,453,2024-08-30,1:1,Anyone whose rock show share year.,Hannah Benjamin
186,290,2024-10-05,Cliente Interno,Join respond care drive nothing stage key.,Kathleen Buchanan
187,218,2025-02-09,1:1,Yes power level glass be degree food movement.,Brian Fuller
188,866,2024-10-31,1:1,Measure true investment explain relate operation form perform.,Barbara Bishop
189,759,2024-09-22,1:1,Surface hospital young join say wind else first.,James Boyle
190,442,2024-09-23,Peer,Mission experience reflect quite store inside any anyone.,Kristen Miles
191,299,2024-10-08,Cliente Interno,Able her however gas pattern different fast together.,Paula Atkinson
192,157,2024-07-13,Peer,Among pull she Democrat effect behavior happen industry.,Melinda Flores
193,872,2025-04-07,Peer,Happy send speech responsibility a drive.,Elizabeth Ferrell DDS
194,120,2024-10-29,Cliente Interno,Toward election never ten avoid day allow.,Laura Williams
195,763,2025-05-07,1:1,Business news scene soldier character really president why.,Blake Tran
196,978,2025-01-23,1:1,Agree military such half herself also hand.,Michael Campbell
197,51,2025-02-22,Peer,At so five court law foreign.,Marcus Robinson
198,245,2025-03-14,Cliente Interno,Scene budget list because goal tax operation interesting leave.,Hannah Thomas
199,149,2024-12-18,1:1,Current various improve learn member PM.,Haley Stewart
200,455,2024-09-10,Cliente Interno,Short hotel challenge answer ball stage become.,Craig Griffith
201,133,2025-03-16,Cliente Interno,Eight save a anyone professional skin race trouble.,Bridget Sanchez
202,291,2024-06-29,1:1,Still degree have after lose nation many another.,Connie Johnson
203,405,2025-06-05,1:1,Manager mother whose shake simply sit.,Valerie Ortega
204,819,2025-05-09,Peer,Mouth floor rate appear current.,Danielle Greer
205,193,2025-01-17,1:1,Rock early body allow sing year.,Courtney Pitts
206,838,2025-04-11,Cliente Interno,Space begin day field firm.,Daniel Woods
207,670,2024-07-20,Cliente Interno,Forward write style effect section idea speech stuff.,Steven Richardson
208,373,2024-10-08,1:1,Difficult opportunity person voice return notice hard other art.,William Rios
209,608,2024-08-07,Peer,How writer box election herself north probably.,Paige Miller DVM
210,537,2024-12-13,Peer,Police measure natural my good couple.,David Horton
211,841,2024-07-13,Cliente Interno,Happen rock agent and.,Debra Elliott
212,532,2025-04-26,1:1,Bring week then force read stock too.,Ryan Wilkinson
213,15,2025-06-01,Cliente Interno,Toward cause them ever face stay event whole management.,Stephen Brown
214,615,2024-11-04,Peer,Shake today easy sound.,Lisa Reynolds
215,687,2025-06-11,Peer,Seem catch he tonight week perform baby feel.,David Benson
216,471,2024-08-22,Cliente Interno,Coach shoulder whether mind.,Christopher Greene
217,91,2024-08-21,Peer,Show personal bank style eight she too paper why.,Jody Chapman
218,870,2024-08-26,Peer,Value after upon type recognize.,Marie Lopez
219,637,2024-12-02,1:1,Employee position very risk purpose although personal.,Victoria Rose
220,952,2025-03-04,1:1,Purpose sure center for nor other.,Darren Johnson
221,334,2025-02-21,Peer,Each enjoy day table cost stay data to.,Tina Kelly
222,480,2024-11-14,Cliente Interno,Single culture watch current catch.,Darren Smith
223,439,2025-06-01,Cliente Interno,Car each region food central outside game.,Ronald Garner
224,437,2024-09-14,Cliente Interno,Look sure bank recent seek customer it.,Zachary Love
225,625,2024-12-31,1:1,Relationship write hundred away front.,Sheryl Harrison
226,798,2024-12-19,Peer,Do character defense some.,Gregory Soto
227,471,2024-09-05,Peer,Either one finish along.,Joseph Krueger
228,640,2024-07-11,Cliente Interno,Film black after mind someone force Republican.,Mr. Derrick Smith
229,521,2024-10-10,Peer,Clear vote full last whatever growth.,Frances Armstrong
230,772,2024-07-26,1:1,Miss season whose old catch may.,Brett Collier
231,174,2024-12-05,1:1,Opportunity tend responsibility forget scene fill.,Justin Cox
232,700,2024-10-04,1:1,With half gas create case look age.,Trevor Yates
233,567,2025-03-16,Peer,Bag west law middle dinner stand ok.,Michael Walton
234,474,2024-08-25,Peer,Field necessary cup mouth raise it public evening.,Shane Joyce
235,258,2025-02-04,1:1,Born quite letter can politics.,Kevin Griffin
236,721,2025-05-04,Peer,Camera case player history trouble whole.,Elizabeth Gill
237,344,2024-10-31,Cliente Interno,Newspaper stand experience teacher arrive.,Scott Mcconnell
238,933,2025-04-21,Peer,Story for statement maintain.,Jacob Sharp
239,291,2024-07-09,1:1,Voice international position name beat nor.,Mary Fry
240,237,2025-06-10,1:1,Sometimes southern guy join lead.,Lisa Kerr
241,306,2025-06-11,Peer,Control small suggest answer maybe watch Congress less.,Anthony Meyer
242,737,2025-02-15,Cliente Interno,Try teach return seven recognize even research.,Stephen Rowe
243,253,2025-04-19,Cliente Interno,Admit everything which probably president.,Doris Coleman
244,99,2024-11-15,Peer,Water teacher least now read.,Andrew Harmon
245,118,2024-11-23,Peer,Establish better product you heart especially important land city.,Michael Walker
246,329,2024-09-16,1:1,Statement response try open third school herself detail.,Eileen Carter
247,373,2024-08-30,Cliente Interno,Late nice area fund young peace third.,Dr. Henry Gilmore Jr.
248,984,2024-09-30,1:1,Ball thought arm say adult.,Elizabeth Scott
249,732,2025-03-07,1:1,Magazine send mother story whose center seat.,Nathan Perez
250,624,2024-06-19,1:1,Consider job father tax soon medical right represent.,Caroline Baxter
251,971,2025-01-01,Cliente Interno,Employee institution use individual particularly new.,Bradley Smith
252,889,2025-03-06,Peer,Politics six issue fact budget he east.,Javier Bowers
253,270,2024-08-25,Peer,Because especially worry involve.,Sharon Ayala
254,578,2024-07-02,Cliente Interno,Age nature national structure west enter wonder tonight character.,Anthony Owen
255,453,2024-07-04,Cliente Interno,Congress ground receive safe talk share tree source.,Stacey Lee
256,7,2025-02-04,Peer,Hour spring apply vote likely easy.,Jeremy Little
257,130,2025-01-22,Cliente Interno,How rich tend both direction space foot visit standard.,Richard Johnson
258,683,2025-03-01,1:1,Here agent push real each paper air.,Jeffrey Hickman
259,704,2024-09-21,1:1,Reflect do garden job kind.,Robert Keller
260,615,2024-09-06,Peer,Both degree out town beyond big guy unit.,Lisa Fry
261,661,2024-11-18,Peer,Fine someone beat course dark actually sport.,Joseph Rodriguez
262,510,2024-06-13,1:1,Air finish career address outside.,Teresa Armstrong
263,67,2024-11-17,Peer,Others reality may finally machine.,Patricia Turner
264,531,2024-06-15,Peer,Tend prepare author century ahead blood understand.,Carolyn Dean
265,389,2025-01-19,Peer,Radio according learn show door manager all answer condition.,Joseph Casey
266,460,2025-03-07,Cliente Interno,Area far speech visit medical international make specific despite.,Joseph Carr
267,509,2024-06-30,Cliente Interno,Whether difference brother bit citizen style.,Christopher Martinez
268,247,2024-06-13,Peer,Debate little father others first position herself.,Stephanie Martin
269,816,2025-02-23,Cliente Interno,Fly wait join front report.,Jennifer Jackson
270,368,2025-01-26,Cliente Interno,Listen phone apply challenge information best key short director.,Jennifer Marsh
271,933,2024-12-23,1:1,Day box collection family general since daughter account.,Jennifer Chambers
272,241,2025-02-09,Peer,Notice five social leg staff forget military north town.,Travis Walls
273,38,2025-04-16,1:1,Build learn single like on cause audience.,Margaret Hines MD
274,508,2024-10-10,1:1,Show TV kitchen affect debate usually truth.,Carlos Houston
275,932,2024-11-01,Cliente Interno,Light individual receive item again allow land tree.,Karen Hardy
276,492,2025-06-02,Cliente Interno,Green above analysis three identify senior major also.,Harold Knox
277,415,2024-10-10,1:1,Pull both buy sea ask.,Troy Mcmillan
278,347,2024-11-16,Cliente Interno,Behind practice parent plan drop measure face.,Mary Gutierrez
279,744,2024-11-06,Cliente Interno,One war year start expect recent race half.,Sandra Cowan
280,63,2025-06-04,Cliente Interno,Develop act perform defense these population attorney occur laugh.,Jennifer Sexton
281,464,2024-10-18,Peer,Indicate address series his employee.,Michael Krueger
282,183,2025-02-02,Peer,Late term put you.,Jonathan Johnson
283,303,2025-05-16,Peer,Religious fly happen however western fight.,Justin Ross
284,135,2025-04-09,Peer,Lose morning approach line.,Robert Rodriguez
285,67,2025-03-22,Peer,Spring own experience brother.,Anthony Lewis
286,724,2025-02-22,Peer,Size boy thank sometimes site economic teach.,Jose Gray
287,484,2025-04-26,Peer,High story television why sometimes natural cultural almost.,Alan Patel
288,226,2025-05-05,1:1,Middle price benefit learn change toward space.,Jason George
289,367,2024-11-30,1:1,Return every including develop.,Michael Greene
290,131,2025-01-24,Peer,Imagine but base everybody among buy machine firm this.,Steven Payne
291,635,2025-05-09,1:1,Environmental him else war Republican pay sort.,Grant Harding
292,339,2025-03-21,1:1,By community medical quite stuff charge top.,Traci Peterson
293,841,2024-06-25,Peer,Easy fire husband company film evidence card majority.,Laura Peterson
294,863,2025-02-28,Peer,Discussion street wait official economy fly.,Tracy Warren
295,446,2024-09-30,1:1,Surface music read suddenly tough.,Lauren Nunez
296,843,2025-04-17,Peer,Position look data range dark situation.,Chad Bryan Jr.
297,878,2025-04-18,Peer,Several quite single garden win others think from.,Deborah Powell
298,93,2025-02-19,1:1,Music baby still pay nothing there shake.,Kristen Watkins
299,438,2025-05-01,1:1,Blood return final lose glass add necessary amount skill.,Heather Liu
300,764,2024-07-10,Cliente Interno,Reveal behind parent seem leave.,Jordan Gill
301,832,2024-06-20,1:1,Feel mother alone camera according rule how.,Marcus Diaz
302,314,2025-06-03,Cliente Interno,Research part draw good population ready upon last.,Derek Wilkinson
303,573,2024-07-04,Cliente Interno,Their as arm thank foot into party drug place.,William Hurst
304,147,2024-06-14,Peer,Party stuff someone discuss worry whole.,Michael Barr
305,323,2025-03-08,Peer,Thank action film within there.,Michael Rojas
306,787,2025-05-18,1:1,Player wonder foot always drug before quite.,Andrew Vaughan
307,592,2025-04-27,1:1,Safe ball action particularly doctor occur national.,Mr. Timothy Sharp
308,551,2024-10-29,Peer,Few save mention program future entire certainly yard statement.,Jonathon Young
309,527,2024-12-01,Cliente Interno,Southern establish teach last fill few point sit when.,Gregory Cole
310,930,2025-01-17,Peer,Store while article crime method amount small best.,Donna Stewart
311,755,2024-10-15,Cliente Interno,Onto third if bill issue wish behind away.,Brian Rogers
312,556,2024-10-03,1:1,Provide development it table south record page especially of.,Douglas Cunningham II
313,83,2024-06-21,Cliente Interno,Job wife recognize indeed charge yeah.,Megan Hawkins
314,434,2024-09-27,1:1,Vote whose street sell social suggest side protect.,Aaron Rodriguez
315,483,2024-12-23,Cliente Interno,Floor always position cut score each.,Gloria Garcia
316,769,2025-05-31,Peer,Account inside science generation glass trip remember minute.,Bailey Robinson
317,183,2024-07-02,Peer,News member step who participant rock.,Evan Johnson
318,769,2024-09-11,1:1,Federal drive moment produce federal can organization.,Mrs. Gina Levy
319,980,2025-02-03,Cliente Interno,Without attention seven management bed.,Kimberly Kelly
320,962,2025-02-20,Peer,Number conference hospital occur democratic thank Mr hit address.,Sandra Stafford
321,673,2025-04-19,1:1,Style myself yourself organization.,Jennifer Johnson
322,966,2024-08-05,Cliente Interno,Argue partner wide strong half.,Molly Duran
323,701,2025-02-07,Cliente Interno,Do tonight quickly whom agreement collection voice though.,Dylan Mccann
324,689,2024-12-26,Cliente Interno,Over expert tell become serious pretty support.,Deborah Leonard
325,384,2024-12-15,1:1,Down general this statement official already table join.,Alicia Fry
326,82,2024-08-20,Cliente Interno,Billion they bad make discussion.,Chase Mcdonald
327,325,2024-10-24,1:1,Especially perhaps stay system Republican manage call experience.,Megan Herrera
328,784,2024-09-19,Peer,She minute position seven window federal tonight different.,Charles Kane
329,3,2025-01-29,1:1,Church kind themselves customer sister without best.,Joanna Snow
330,52,2024-12-03,Cliente Interno,Machine town report institution set sign smile company.,Pamela Whitney
331,110,2025-05-08,Cliente Interno,Reality indeed play occur.,Jesse Moore
332,327,2025-01-05,Peer,Show state discuss material summer big month care.,Veronica Myers MD
333,280,2024-10-25,Cliente Interno,Per large history itself thus human.,Eric Hernandez
334,495,2025-02-08,Peer,Old have including those trip.,Michelle Levy
335,901,2024-11-12,1:1,Coach though onto operation mission north about research.,Krystal Finley
336,127,2024-11-06,Peer,Cover hot second meeting purpose.,Stephanie Nguyen
337,878,2025-05-20,Cliente Interno,Top might such watch language cause democratic win.,Tammy Cruz MD
338,51,2024-11-20,Cliente Interno,Yes miss American soldier bed likely lead.,Jonathan Lamb
339,532,2025-04-16,Peer,First discover approach week around sit chair low.,Angela Gillespie
340,733,2024-07-19,Peer,Police truth degree letter present feel into others.,Casey Little
341,580,2024-11-10,Peer,Long first body laugh anything.,Kristin Wilson
342,923,2025-01-03,Cliente Interno,Nature explain side people increase edge thus no.,Gary Hall
343,513,2025-02-01,Peer,Cultural commercial to property foot may dog.,Dr. Christopher Maldonado
344,589,2024-09-11,Peer,Back without process camera.,Angela Wade
345,17,2024-12-06,Cliente Interno,Return hand third simply outside less a maybe kind.,Sara Sheppard
346,810,2024-08-17,Peer,Senior picture leave old fire.,Nathan Sanchez
347,489,2024-07-13,1:1,Long particular between white.,Brian Ruiz
348,760,2024-11-05,Cliente Interno,East decade keep challenge like much.,Sharon Wright
349,813,2024-07-18,Cliente Interno,End animal piece foreign.,Brooke Dickerson
350,939,2024-11-12,Peer,Poor study operation rather artist.,Thomas Edwards
351,51,2025-04-28,Peer,Issue game him management real yet new painting special.,Michael Curry
352,416,2025-02-03,1:1,Life race upon plant size leader teach positive pattern.,Kenneth Kelly
353,149,2024-11-09,Cliente Interno,Best glass serve drive pick often teach season.,Jessica Harris
354,522,2025-01-19,1:1,Design wish employee treat more at shoulder.,Kayla Salazar
355,349,2025-03-17,1:1,Where major art believe stuff ask social clear.,Norma Walton
356,316,2024-07-25,1:1,Boy partner analysis bad everything fish send pretty.,Tina Rivera
357,141,2024-09-04,Peer,Trip spend like need close heart investment.,Monica Winters
358,881,2025-04-30,1:1,Easy agent investment throughout tonight west.,Sarah Ayala
359,473,2025-03-06,Peer,Race police both box.,Jennifer Barrett
360,360,2024-07-21,Peer,Federal free more bring.,Mark Evans
361,829,2025-04-12,Cliente Interno,Big team interesting still goal bag risk place.,Denise Barker
362,900,2025-01-04,Cliente Interno,Race always war decide remain short light system.,Jennifer Williams
363,481,2025-02-18,Cliente Interno,Claim cost manager stock success them science member.,Michael Noble
364,873,2024-08-28,1:1,Discover per court lose paper back.,Shannon Flores DVM
365,621,2025-01-04,1:1,Inside fire push with not.,Erica Payne
366,180,2025-05-05,1:1,Why mean best job they energy each laugh.,Erika Wyatt
367,925,2025-04-27,Peer,Civil story test and ball have.,Jessica Medina
368,2,2025-04-11,1:1,Staff source up resource a operation since.,Matthew Castillo
369,230,2024-08-29,1:1,Visit middle education wrong choice south notice.,Debra Adams
370,777,2025-04-30,1:1,Remain lawyer be from a child common nation avoid.,Jay Hall
371,204,2024-11-16,Cliente Interno,Now hour skin government wonder production college point loss.,Austin Gould
372,846,2025-04-10,1:1,Draw amount product air present increase rate would worker.,Marilyn Middleton
373,705,2024-11-13,1:1,Culture TV avoid national sometimes design newspaper.,Destiny Simpson
374,255,2025-05-05,Peer,Ten onto candidate say network discover.,Amy Johnson
375,300,2024-06-12,1:1,College wall wide rock.,John Weber
376,242,2025-04-30,Cliente Interno,To order watch purpose if bit father cup treat.,Lisa Garcia
377,471,2024-12-09,Cliente Interno,Condition rock fast mother late seat civil.,Stephanie Wang
378,704,2024-08-18,Peer,Dinner upon create painting important.,Keith Zuniga
379,637,2024-10-23,1:1,Rather agency travel free stand bring during size from.,Maria Robertson
380,587,2025-01-16,1:1,Hold fund another skill.,Jacqueline Jones
381,703,2025-02-24,Cliente Interno,Last admit baby serve bank less first similar.,Nicole Stevenson
382,186,2024-10-12,1:1,Hear turn however admit worry cell production situation general.,John Lee
383,613,2024-10-05,1:1,Pass draw lead garden adult.,Courtney Gonzalez
384,980,2024-11-03,Peer,Leave son finally compare accept.,Renee Sanders
385,215,2025-02-13,Cliente Interno,Only blue whole analysis simple suddenly.,Karen Rodriguez
386,12,2025-06-03,Cliente Interno,Fear rather out too market.,Madison Rogers
387,394,2025-04-14,Peer,Day town voice table.,James Smith
388,747,2024-09-05,Cliente Interno,Road crime economic spring space he enjoy.,Dawn Sullivan
389,636,2025-01-05,Peer,About money social chair other view animal once region.,Mary Owen
390,670,2024-06-19,Cliente Interno,Moment young difference maybe data out forward rather.,Eric Green
391,502,2025-02-28,Cliente Interno,Reveal factor space responsibility create though think.,Cindy Drake
392,264,2024-12-04,Peer,Local ten piece participant.,Lisa Vaughn
393,265,2025-05-22,Cliente Interno,May church investment ball everybody help yourself reduce anyone.,Austin Scott
394,201,2025-04-18,Cliente Interno,Half none issue act stage over month task school.,Frank Cline PhD
395,25,2025-06-09,Cliente Interno,Training sort word detail else wait against one artist.,David Dickerson
396,854,2025-03-13,1:1,Even about benefit economy radio somebody.,Paul Hudson
397,603,2025-01-14,Cliente Interno,Democratic admit skin learn must four two.,Rebecca Jones
398,792,2025-04-13,Cliente Interno,Certainly event lot number century office environmental serve TV.,Dennis Reed
399,548,2024-08-05,1:1,War key score drive wind.,Brenda Washington
400,29,2024-06-25,Peer,Each ability gun third sense feel stage.,Kyle Roach
401,265,2025-01-06,Peer,Arm century pressure require guy practice check.,Sarah Cohen
402,930,2024-10-27,Peer,To without writer rise business.,Alejandra Weiss
403,39,2025-06-03,Peer,Issue into mind democratic there feeling.,Wendy Berg
404,927,2024-12-28,Cliente Interno,House accept most start drug pull whose.,Tammy Roberts
405,137,2025-04-22,1:1,Hundred appear her over try adult why.,Lee Heath
406,105,2025-02-10,1:1,No range cell choice store way five.,Pamela Roberts
407,249,2024-10-27,Peer,Look question left model us parent.,Paul Taylor
408,612,2025-02-23,Cliente Interno,Watch public budget born discuss admit.,Joel Morales
409,373,2024-08-25,Peer,Ten financial and machine respond development they explain.,Ashley Rivers
410,600,2025-03-13,Cliente Interno,Attorney seek morning hundred.,Jermaine Serrano
411,313,2025-01-24,Cliente Interno,Sort country indicate tend federal available.,John Mora
412,481,2024-07-08,Peer,Assume tax behind bank fly hit bank from alone.,Ryan Henderson
413,142,2025-02-05,Cliente Interno,Century price enjoy hit staff.,Melissa Williams
414,213,2024-10-18,1:1,Store throughout church east.,Hannah Flores
415,597,2025-01-04,Cliente Interno,Sport either dark reality most account country.,Raymond Robertson
416,467,2025-03-03,Cliente Interno,Power near kitchen beautiful century world easy effect.,Rachael Alexander
417,843,2024-08-27,Cliente Interno,Campaign something small near task customer agreement challenge.,Sarah Carter
418,542,2024-12-19,1:1,Kitchen win add stuff almost full physical reason grow.,Patricia Gill
419,38,2024-06-28,Peer,Step front production hit.,Rebecca Dominguez
420,132,2025-03-21,Peer,Why war word fire wide worry effect just education.,Zachary Fischer
421,278,2024-11-16,Cliente Interno,Parent she argue water miss water.,Eric Walters
422,750,2025-02-26,Cliente Interno,Back feel interview very.,Mark Simmons
423,227,2025-05-22,1:1,Character happen red bit.,Megan Craig
424,76,2025-05-27,Peer,Meet actually benefit book wait.,Anna Holland
425,324,2025-04-24,1:1,Save lead entire cut note star media which box.,Melvin Porter
426,632,2024-12-07,Peer,Fire official just present program look.,Jose Cole
427,185,2025-04-19,1:1,Continue western present store budget stand administration.,Timothy Berry
428,440,2025-01-10,Peer,Risk line summer ago.,Justin Guzman
429,683,2025-05-10,1:1,Mind face how general mother seat market.,Evan Bowers
430,212,2024-12-28,1:1,Call left special into we.,Daniel Savage
431,893,2025-06-04,1:1,American both song color way whom radio scientist hour.,Patricia House
432,184,2024-12-21,Peer,Particularly open general author several book win.,Destiny Clements
433,603,2025-01-26,Cliente Interno,All where physical entire leg admit large.,Alyssa Bryan
434,835,2024-10-24,Cliente Interno,Network record discussion remain example choice indicate question.,Julia Serrano
435,542,2025-05-04,1:1,Serve start never security onto.,Jeffrey Jackson
436,186,2024-07-10,1:1,Last civil audience it he next sing and.,Kimberly Fisher
437,11,2025-06-04,Peer,Left shoulder practice various capital inside itself.,Joseph Wagner
438,148,2024-08-18,Peer,Service beat second media character son sister home medical.,Shane Bennett
439,334,2025-04-27,Cliente Interno,Media good available oil hard president.,Leslie Robbins
440,654,2025-04-17,Peer,Southern them family find big break always score director.,Sarah Payne
441,174,2025-05-28,1:1,System study increase decade heart public fast high trial.,Amanda Nelson
442,739,2025-06-11,Peer,Opportunity compare plan eat game.,Jason Griffin
443,152,2024-09-18,1:1,Door rule television national agreement possible mention despite.,Danielle Johnson
444,557,2025-04-18,Cliente Interno,Factor statement treatment relationship anything fish feeling none.,Timothy Vincent
445,226,2024-12-20,1:1,Member appear western consider.,Steven Mitchell
446,226,2024-10-16,Peer,Including agency protect law authority someone less.,Jennifer Garcia
447,480,2025-03-28,Peer,Fill wonder team body stay wind.,Brenda Levine
448,655,2024-12-24,Peer,See authority exist agency somebody cold at.,David Duncan
449,193,2024-07-24,1:1,Move forget must occur.,William Greene
450,350,2024-12-27,Cliente Interno,Dark most soon society others dog.,Jennifer Woods
451,307,2024-10-09,1:1,Realize sport policy show media.,Nicholas Nguyen
452,856,2025-01-26,Cliente Interno,Although above she suffer turn measure into force.,Brandon Henderson
453,440,2024-12-18,Cliente Interno,Training first benefit able staff fund whether.,Jessica Byrd
454,296,2024-12-17,1:1,Another forget poor actually.,Frank Flores
455,170,2024-07-27,Cliente Interno,Federal there test address indeed rock moment light evidence.,Rachel Cameron
456,618,2024-09-01,1:1,Southern true about machine need impact strong simply.,Anthony White
457,639,2024-12-01,Cliente Interno,Certain final research city husband significant quite fine.,Kelsey Roberts
458,649,2025-02-11,Cliente Interno,Parent cause summer truth these.,Tammy Lambert
459,185,2024-07-07,Peer,Eight sister onto floor hold because join process.,Ashley Anderson
460,236,2024-10-26,1:1,Local person network local question.,Hector Johnson
461,712,2024-09-13,Peer,Level among allow vote fact almost sign general education.,Jeffery Freeman
462,439,2024-06-12,Peer,Fish civil expect economy we follow fall sense.,Derek Hernandez
463,739,2024-12-02,1:1,Ball degree race network feel.,Allison Banks
464,509,2024-07-05,Peer,Seek after point couple head that.,Victor Holt
465,416,2025-03-13,Cliente Interno,Let practice light school travel.,Michael Schwartz
466,979,2025-01-25,Peer,Finally worker last southern.,Cameron Sharp
467,530,2025-01-21,Cliente Interno,Tell opportunity play my coach I.,Lisa Perry
468,35,2025-03-13,1:1,Speech policy push young again once.,Francisco Freeman
469,839,2024-06-16,Peer,Which chance budget center.,Dominic Bennett
470,638,2024-12-11,Peer,Course name condition citizen street really detail necessary.,Jason Lawrence
471,486,2025-04-08,Peer,Natural eat response draw indicate here high.,Samantha Miller
472,692,2025-04-20,Peer,Still know fire total behavior order.,Jeffrey Moore
473,730,2024-08-20,Peer,Next fish international impact nothing.,Ricky Roman
474,98,2024-09-12,1:1,Newspaper situation between billion represent ability learn.,Alexandria Castaneda
475,277,2024-09-09,Cliente Interno,Probably type family win throw here training front.,Victoria Harris
476,960,2025-04-28,1:1,Change country will resource.,Jill James
477,582,2025-02-18,1:1,Order boy environment claim anyone member color.,Jeffrey Ruiz
478,647,2025-05-13,1:1,Campaign allow pass dark defense line.,Dr. Laura Lynch
479,524,2025-02-14,1:1,Result room line step.,Kyle Middleton
480,159,2024-10-22,Peer,Position house foreign born however benefit area end.,Benjamin Jensen
481,321,2025-02-27,Cliente Interno,Cold though heart enter point trial.,Joshua Silva
482,497,2024-10-31,1:1,Firm much guess fly time century.,Joseph King
483,738,2024-09-25,Cliente Interno,Camera do shoulder court although part treatment require agency.,James Rollins
484,560,2025-05-20,Peer,Resource large part ten resource.,Theodore Alexander
485,604,2025-03-15,Cliente Interno,Free sing success guess parent party goal else.,Terry Nguyen
486,190,2025-01-09,1:1,Whole event many fish by have traditional those generation.,Justin Ochoa
487,935,2025-06-09,Peer,Picture major section project our building leave.,Bianca Jackson
488,830,2025-05-01,Cliente Interno,Its light on local radio central.,Heidi Jenkins
489,41,2024-07-08,Peer,Very body behavior pressure heavy manage.,Bradley Shaw
490,813,2025-02-10,Cliente Interno,Where who again conference others approach.,Garrett Perez
491,853,2024-07-09,Peer,See front allow especially outside amount.,Anna Miranda
492,455,2024-08-07,1:1,Design purpose wish turn beyond participant class behind spend.,Stephanie Valentine
493,157,2025-04-27,1:1,Federal factor send tonight thousand Democrat room easy.,Connor Fernandez
494,857,2025-04-22,1:1,Require personal minute truth.,Erik Combs
495,266,2025-05-11,1:1,The believe product only pretty again which community guess.,Gina Clay
496,441,2025-03-02,Peer,Contain happen particular clear in country.,Cynthia Valentine
497,873,2024-09-18,Peer,Popular choose general term call laugh.,Stacy Rowe
498,126,2025-03-19,Cliente Interno,Foreign bag three unit.,Kimberly Alvarez
499,343,2024-08-02,1:1,Budget Mr sit issue painting nearly necessary will public.,Robert Lamb
500,282,2025-04-03,1:1,Improve on week executive develop produce image ok including.,Lawrence Hamilton
501,544,2025-04-19,Cliente Interno,Society should himself manager lead certainly investment reveal news.,Erin Anderson
502,166,2024-10-20,1:1,Especially finish range including art involve actually from here.,Nicholas Martin
503,620,2024-11-19,1:1,Market degree would discussion drive.,Bryan Gordon
504,620,2025-01-31,1:1,While high fine take.,Christy Anderson
505,427,2024-06-27,Cliente Interno,Sound crime tonight when employee way range with.,Christina Williams
506,534,2024-11-07,Peer,Life throw newspaper their.,Gregory Taylor
507,808,2025-03-25,1:1,Exactly weight high end room seem.,Malik Jacobs
508,843,2025-02-27,Cliente Interno,Many strong soldier simply month.,Brandy Alexander
509,401,2024-06-17,Peer,Father return soon perhaps entire service daughter.,Cesar Harris III
510,459,2025-04-07,1:1,Choose eat western apply material report food serious inside.,Mary Roberts
511,594,2024-08-19,1:1,Threat street tough start education machine.,Amy Cruz
512,55,2024-09-26,1:1,Within drive take small.,John Holt
513,717,2025-04-12,Cliente Interno,Size tonight continue consumer.,Victoria Sheppard
514,501,2025-02-04,1:1,Purpose pass yet should dark woman.,Jessica Clark
515,908,2025-04-20,1:1,Administration dark office rich recently throughout nature ask.,Steven Welch
516,677,2024-09-26,Peer,Many end conference series.,Jerry Rivera
517,231,2024-12-12,1:1,Develop media character later likely enjoy however enjoy.,Wesley Johnson
518,427,2024-06-27,Peer,Good of she view approach rise person pattern.,Barbara Moreno
519,911,2025-01-22,1:1,Character father first mention return nearly until whether.,James Hardy
520,204,2024-07-20,1:1,Discuss sound system after real tree.,Randy Mueller
521,583,2025-03-05,Peer,Account station small bank.,Shaun Johnson
522,25,2024-10-15,Peer,Clearly identify science tell be.,Aaron Moreno
523,371,2025-03-16,Cliente Interno,Window what health these prevent your child.,Tiffany Malone
524,847,2025-01-27,Peer,Rich prepare last idea bring.,Anna Schmidt
525,466,2025-05-28,Peer,Have hear writer standard perhaps rule minute.,Carla Stanley
526,724,2025-03-03,1:1,Time week south open pattern tax.,Tiffany Martinez
527,824,2024-08-01,Peer,Century sport physical network poor whose meet.,Brandy Kirby
528,462,2024-06-20,Cliente Interno,Job between good debate order successful face.,Kimberly Taylor
529,451,2024-10-25,1:1,National test choice heart his successful foreign culture hit.,Pamela Huff
530,454,2025-01-08,Cliente Interno,Book space surface manager they claim put cover.,Jack Heath
531,372,2024-08-09,Peer,Offer end after feel party position.,Shirley Alexander
532,69,2025-02-24,Cliente Interno,Bank forward station language born.,Ashley Branch
533,910,2024-08-25,Peer,Term fast field decade form everybody less wear one.,Alexa Cruz
534,964,2025-02-21,Cliente Interno,Sense sell quickly hand with would despite skin pressure.,Benjamin Smith
535,813,2025-02-18,Cliente Interno,Fund notice professor phone wrong TV.,Edward Walls
536,456,2024-10-14,Cliente Interno,Mention hard girl indicate high customer.,Daniel Evans
537,16,2025-02-12,1:1,Sea office never off pretty direction.,Megan Martinez
538,700,2024-12-09,Cliente Interno,Base TV find well too marriage idea rock somebody.,James Wagner
539,858,2025-05-25,Peer,Mrs structure everyone instead allow according smile.,Jill Dyer
540,755,2024-09-19,Peer,Some rate work affect.,Curtis Estrada
541,750,2025-02-02,Cliente Interno,At door situation style.,Tina Saunders
542,500,2025-04-22,Peer,News maintain age some start energy treatment able condition.,Ann Lin
543,17,2024-08-20,1:1,Popular market here culture bag prove.,Ryan Jackson
544,104,2025-02-24,Cliente Interno,Hope few last skill market network style prepare at.,Justin Bailey
545,644,2024-11-25,Peer,Rich its item place floor central thing figure.,Lee Powell
546,608,2024-11-14,Peer,Land hand step heavy high way avoid.,Miss Lisa Smith
547,583,2024-10-08,Cliente Interno,He field art manage carry dinner.,Mrs. Sue Cummings DVM
548,436,2024-09-04,Peer,Hotel certain best sell sense standard bar order Congress.,Scott Ryan
549,99,2024-11-19,1:1,Tree why join various new let.,Vincent Thornton
550,792,2024-09-23,Peer,Play market lot particular great.,Michael Carter
551,809,2024-06-18,1:1,Represent meet first this entire situation get behind.,Grace Martinez
552,459,2025-05-02,Cliente Interno,Level save television subject.,Phillip Robles
553,353,2025-02-22,Cliente Interno,Reality ahead indicate camera government suddenly ok.,Jessica Hall
554,46,2024-08-11,Cliente Interno,Nature many affect conference third evidence national.,Sarah Lowe
555,824,2025-04-24,1:1,Number service one ask decide.,Kathryn Morris
556,227,2024-07-28,Peer,Season capital national pick draw room wait.,Lisa Cross
557,908,2025-06-04,Peer,Billion ball choice television special floor past.,Larry Smith
558,438,2024-10-17,Peer,Institution have itself develop choose ground baby magazine make.,Amanda Robinson
559,102,2024-07-28,1:1,Side that by any wife.,Kenneth Osborne III
560,520,2024-11-17,Peer,Child hold particular meeting oil for.,Gerald Shaw
561,886,2025-05-26,Peer,Account interesting billion similar building its lead rich.,Hailey Fisher
562,379,2024-10-28,Cliente Interno,Threat likely throw field attack.,Kristen Evans
563,490,2024-12-06,1:1,Few future trial arm section conference commercial.,Joyce Burke
564,135,2025-05-03,Peer,Them professor activity conference once south else remember.,Michelle Carter
565,704,2025-01-19,Cliente Interno,Huge general not national often whole although education.,Aaron Stevenson
566,240,2024-08-21,Peer,Hear success each of.,Jennifer Moreno
567,647,2024-09-11,Peer,Short between wonder environment effort.,Carla Green
568,511,2024-09-20,Peer,Off how cup mind any occur attention.,Chad Cross
569,102,2024-10-26,Peer,Participant feeling research season by.,Anthony Copeland
570,818,2024-06-19,1:1,Art other color her big indeed approach play region.,William Murphy
571,845,2025-03-19,Peer,Somebody sound choose factor will only wait fast.,Paul Thomas
572,604,2024-08-21,Peer,Win crime free list positive usually environment southern.,Jordan Brown
573,943,2024-08-19,Peer,Long sing arm bed hot generation yeah spring perform.,Claudia Martinez
574,400,2024-10-28,1:1,Price white guess positive treatment Democrat eight.,Eric Schwartz
575,485,2025-02-19,1:1,Charge news member different game choose once line soldier.,Howard Scott
576,763,2025-05-01,Peer,Mr body clear offer rest blue administration some.,Travis Smith
577,368,2024-08-29,Cliente Interno,Though meet debate drop yard form dream hand blue.,Caroline Brown
578,681,2024-12-22,1:1,Help specific measure third protect opportunity law simple.,Andrea Garcia
579,767,2025-03-24,1:1,History total yes water college daughter cup.,Eugene Campos
580,733,2024-10-19,Cliente Interno,Specific travel impact machine hear six direction.,Melissa Madden
581,699,2025-05-28,1:1,Share camera go model unit third style little.,Donald Woods
582,100,2025-05-14,Cliente Interno,Turn citizen up play.,Yolanda Reyes
583,734,2024-11-09,Cliente Interno,Example whose be kind kind color design.,Mark Nguyen
584,385,2025-01-11,Cliente Interno,Prevent all southern official professor water policy politics rise.,Sarah Davis
585,78,2025-04-12,1:1,Give dark civil investment dark maintain phone before wall.,Austin Mayer
586,207,2025-04-30,Cliente Interno,Lawyer wrong middle career claim different about.,Veronica Green
587,29,2024-08-02,Peer,Market executive goal rise step reveal.,Jennifer Page
588,85,2024-09-19,1:1,Clearly above somebody full various treatment everything president.,Laurie Johnson
589,852,2024-09-14,Cliente Interno,Trade dream same wish also.,Robert Bryan
590,480,2025-04-14,Peer,Budget administration little various western.,Alicia Stein
591,794,2024-07-31,Cliente Interno,Development teach across approach build prepare.,Rebekah Berry
592,6,2024-07-26,Peer,Student wish instead image month.,Angela Morris DVM
593,341,2025-04-17,Peer,Cut must sure indeed side nothing resource though whether.,Stacey Martinez
594,779,2024-12-13,1:1,First happen teach fact.,Jill Miller
595,717,2025-02-02,Peer,Relationship learn increase over impact glass suddenly night suggest.,Jennifer Singh
596,902,2025-02-03,Peer,Available this effort position you.,Ms. Darlene Johnson DVM
597,761,2025-04-20,Cliente Interno,None coach member explain kind high market claim television.,Victor Tran
598,879,2025-01-13,Peer,Keep buy bar me company.,Cassandra Diaz
599,62,2024-10-04,1:1,Bad build white plan easy.,Carrie Oconnell
600,717,2024-07-13,Peer,Because language ok society term.,Michael Diaz
601,101,2024-12-31,Cliente Interno,Room miss detail series shake.,Donald Parsons
602,620,2024-09-05,Cliente Interno,Time difference home wind including grow.,John Franklin
603,133,2024-12-25,Peer,Determine down wall fire issue grow again carry.,Darren Adams
604,629,2025-05-23,Cliente Interno,Future prove view seem piece that but whole glass.,Kimberly Flores
605,643,2025-04-21,1:1,As walk support already manage brother finally.,Rodney Espinoza
606,561,2024-12-10,1:1,Wife option recently best.,Nicole Fernandez
607,561,2025-02-24,Cliente Interno,Hundred surface avoid senior consumer serious cut.,Samantha Price
608,632,2025-06-11,1:1,Sister face son car catch follow.,Thomas Thompson
609,722,2024-08-19,1:1,Face simple thank factor she.,Samantha Bradford
610,42,2024-06-23,Cliente Interno,Take none Democrat but blood.,Rachel Taylor
611,30,2024-06-14,Peer,Develop interesting kitchen cup according create approach say.,Sara Craig
612,95,2024-07-21,1:1,No any building east board any second lead share.,Jeanette Hines
613,668,2024-07-02,Peer,Real power security ahead choice be nature news though.,Cindy Jarvis
614,150,2024-08-21,Cliente Interno,Sound true example six easy enter.,Derrick Jackson
615,394,2025-06-02,Cliente Interno,Behind camera his inside firm represent physical.,Felicia Johnson
616,531,2024-06-22,1:1,Scene focus direction none present begin.,Kyle Mendoza
617,752,2024-12-07,1:1,Draw whatever from throw include leg edge.,Richard Hickman
618,147,2024-10-04,Peer,About accept may get exactly thousand really fire us.,Jeanette Dixon
619,631,2025-03-21,Peer,Eat road realize forget culture blue speech certainly.,Michelle Thompson
620,838,2024-06-27,Peer,Case discuss prove standard discover.,Judy Johnson
621,725,2025-04-16,Peer,Stage suggest author budget.,David Holmes
622,752,2024-11-04,Cliente Interno,Republican upon political ten help effect.,Devin Ruiz
623,489,2025-04-05,Peer,Perhaps federal anyone but.,Andrew Cortez
624,784,2024-08-10,Cliente Interno,Health prepare song team hear media nature as.,Blake Mitchell
625,879,2024-07-18,1:1,Seek rich example coach almost.,Lisa Munoz
626,880,2024-10-05,Cliente Interno,Position pretty your share election window art development administration.,Nicholas Gates
627,724,2024-10-18,Cliente Interno,Have necessary take especially popular half station.,Christopher Griffith
628,368,2024-11-05,Cliente Interno,Long sign wish by design.,Amanda Cohen
629,497,2025-05-14,Peer,Prepare join wait media hear clearly law suggest rich.,Heather Robinson
630,87,2024-08-23,Cliente Interno,Something three hundred house central growth there walk perhaps.,Jason Harrison
631,866,2024-10-13,Peer,Push what chair man.,Bailey Robinson
632,654,2024-11-27,Cliente Interno,Wall relate face low do soldier.,John Yu
633,449,2025-03-10,1:1,Mission line edge protect.,Robert Moyer
634,922,2024-07-28,Cliente Interno,Section major skin near by stage court light chance.,Sarah Robinson
635,615,2024-07-11,1:1,Subject price western sometimes add why also machine.,Jane Martinez
636,204,2025-05-19,Cliente Interno,Station course region ago political.,Jeremy Alvarado
637,696,2024-10-15,1:1,Behind especially oil reach as scene might always.,Shannon Carey
638,7,2025-02-20,1:1,Mouth hour day if friend himself.,Mr. Mario Baker
639,191,2024-11-15,1:1,Whole child fire safe.,Ryan Hoffman
640,144,2024-09-16,Peer,Standard operation approach walk couple yourself mind audience surface.,David Wood
641,739,2024-12-07,1:1,Laugh hair into in remember high.,Amy Sosa
642,192,2024-06-14,1:1,Early may decide idea.,Erika Zimmerman
643,844,2024-12-09,Peer,Adult process happy to ball feeling main maybe challenge.,Morgan Gibson
644,511,2025-02-11,Peer,Tax short maybe project hand level.,Amy Santos DDS
645,972,2024-11-22,Cliente Interno,Lead everything remain hair police prove use risk.,Sherry Coleman
646,322,2024-06-15,Peer,Security thus specific light capital technology it let travel.,Edgar Henderson
647,699,2025-02-26,Peer,Thought nothing clearly have law first your.,Christine Bryant
648,957,2025-03-22,Peer,Nature heavy central arm public artist program.,Kimberly White
649,847,2024-11-27,1:1,Too military watch foot newspaper pay raise paper five.,Gina Thomas
650,953,2025-02-08,1:1,Necessary doctor top medical audience.,Gary Willis
651,919,2025-01-14,Peer,Offer loss police three deal level.,Mark Warner
652,862,2025-03-26,1:1,However education west gas.,Haley Jones
653,513,2025-03-11,Cliente Interno,Arrive exactly suggest always ball series site begin.,Heather Sims
654,844,2025-04-30,Peer,Mission catch maintain others avoid.,Leonard Johnston
655,403,2025-02-18,Peer,Sit report everybody start matter there audience pick.,Justin Hernandez
656,640,2024-10-12,Cliente Interno,Send see cost eight some paper.,Janice Sanchez
657,105,2024-11-21,1:1,Light standard whose interesting social travel beat Republican.,Teresa Grant
658,538,2024-07-29,1:1,Best determine major yet network learn great.,Julie Stephenson
659,996,2025-03-06,Peer,Culture go direction issue popular coach son.,Judy Parker
660,705,2024-11-08,Cliente Interno,Travel easy clearly mouth.,Kenneth Cole
661,136,2025-03-16,Peer,Weight despite team herself personal.,Anna Williams
662,873,2025-05-15,1:1,Line continue fast close water data although finally.,Brittany Reeves
663,699,2024-10-03,Cliente Interno,Worry near yourself staff discover minute actually left.,Deborah Clark
664,855,2025-03-30,Peer,Upon entire can community sister explain appear very yourself.,Tanya Bell
665,35,2025-02-17,Peer,Side two most market seem move stop.,Edward Hoffman
666,70,2024-12-22,Peer,Top dinner then have environmental.,Lisa Nguyen
667,821,2025-04-16,Peer,Opportunity task attention until organization.,Erika Bright
668,137,2024-10-02,Cliente Interno,Involve college message throughout hit fast.,Kimberly Jacobs
669,823,2025-06-01,1:1,Deep interest nothing behavior student.,Sherry Brown
670,830,2024-10-14,Cliente Interno,Movement language standard need risk always against couple.,Monica Hunt
671,121,2025-03-17,Peer,Agree financial claim see provide arm.,Christy Robinson
672,492,2024-09-22,1:1,Administration church I occur old.,Thomas Carter
673,698,2025-03-18,1:1,Treatment word myself always else about task include sea.,Jasmine Spears
674,346,2025-03-11,Cliente Interno,Than significant hospital lot suggest.,Kimberly Mcgrath
675,105,2024-09-04,1:1,Him response book true bank administration.,Daniel Morales
676,55,2024-07-11,Cliente Interno,Second fly assume option travel general fill young.,Richard Coleman
677,254,2025-03-13,Cliente Interno,Third worry identify sometimes.,Stephanie Beard
678,74,2024-08-14,Cliente Interno,Require public project director future.,Tracy Jennings
679,447,2024-08-13,Cliente Interno,Contain street about partner send just evening.,Richard Lam
680,390,2025-06-03,Peer,Low one prevent us forget type quite.,Eric Williams
681,981,2024-12-18,Cliente Interno,Population speak civil fact set truth area.,Cynthia Escobar
682,968,2024-07-26,Cliente Interno,Staff seat identify down fill hotel.,Jenna Robertson
683,98,2025-02-20,1:1,Free include participant up discuss.,Lori Mayo
684,130,2025-02-11,Peer,Quite ability hundred six fill raise least finish.,Lauren Campbell
685,796,2024-07-25,Cliente Interno,Popular happen so family thousand fill organization.,Nathan Beard
686,119,2025-02-05,1:1,Occur new a research game father story threat.,John Jones
687,241,2025-02-07,Peer,Science glass yeah weight.,James Reyes
688,752,2024-11-09,Peer,Son art some draw plant term thousand.,Tara Holden
689,525,2024-10-30,Cliente Interno,Though no meeting him street along.,Matthew Duarte
690,651,2025-06-02,Cliente Interno,Whole voice bar address item.,Jonathan Watson
691,17,2025-03-03,Cliente Interno,Bar think worry station past.,Jon Gaines
692,404,2025-05-23,1:1,Car majority would beautiful phone south shake probably sit.,Jack Johnson
693,233,2025-01-14,Peer,Mean hospital matter enter fund seem class once mention.,Rachael Sparks
694,217,2024-06-15,1:1,Also seek affect especially.,Javier Wright
695,87,2024-10-26,1:1,Bank doctor community suffer see population every gas.,Justin Woods
696,678,2024-11-12,Peer,Week hard but though.,Elizabeth Edwards
697,242,2024-07-08,Peer,Its opportunity relate together stock goal though.,Kristin Lyons
698,961,2024-08-06,Cliente Interno,Compare certain better our remember stop pass special fill.,Jose Hopkins
699,20,2024-10-30,1:1,Trial conference someone write arrive door area collection.,Dr. Kelsey Black
700,240,2024-09-06,Peer,Fine also enjoy Congress.,Erin Scott
701,249,2025-03-17,Peer,Across official audience identify.,Tina Wise
702,843,2025-05-17,Cliente Interno,Against myself capital purpose far.,Stephen Moses
703,807,2024-12-20,Peer,Cold up choice fill foreign least wonder try.,Robert Johnson
704,82,2024-11-14,Peer,Sound commercial even our head.,Aaron Weiss
705,269,2024-12-11,Peer,Affect create someone bad act behind.,Kevin Fox
706,480,2025-02-16,Cliente Interno,Probably beat occur couple more behind movement.,Madison Thomas
707,382,2024-08-13,Peer,Reduce tend several travel Mr.,Kimberly Harris
708,165,2025-05-29,1:1,Time must Democrat indeed meet commercial.,Brian Carpenter
709,162,2025-05-15,Peer,Find edge page lot.,Erik Garrett
710,650,2025-04-04,1:1,Card today memory short animal shake.,Jeffrey Mills
711,273,2025-02-23,Cliente Interno,Attention threat front sign.,Xavier Meadows
712,506,2025-02-01,Cliente Interno,School defense significant fine.,Eugene Williams
713,529,2025-04-28,Peer,State old away success low success run treatment key.,Patricia Moore
714,66,2025-04-20,Cliente Interno,Bag power state TV data behavior middle.,Mr. Samuel Rodriguez PhD
715,538,2025-04-28,Cliente Interno,Manager science work training continue agree partner structure government.,Joshua Anderson
716,708,2025-06-05,1:1,Author loss middle daughter all company she think hard.,Ryan Jackson
717,498,2025-04-25,Cliente Interno,At purpose place usually.,Steven Elliott
718,804,2025-04-11,Cliente Interno,Age painting per full yet conference reach decide here.,Ricardo Mueller
719,215,2025-02-27,Peer,Cup development tonight one base billion.,Tracy Fisher MD
720,596,2025-01-25,1:1,Say often effect tell skill foreign.,Bryan Cooper
721,102,2025-03-12,1:1,He suddenly trouble kitchen into knowledge.,Rachel King
722,515,2024-09-08,Peer,Agency single night human popular.,Mark Beard
723,297,2024-10-15,1:1,Really here because per must might owner around.,Joshua Miller
724,318,2024-07-28,1:1,Soldier voice practice media plant if stand.,Pamela Ford
725,559,2025-01-24,Cliente Interno,Along wife gas yard others.,Helen Kelley
726,51,2025-05-09,Peer,Summer worry sometimes himself manage product court high number.,Kaitlyn Mcbride
727,438,2024-11-04,1:1,Religious woman born college.,Brian Vargas
728,532,2024-08-23,Peer,Order coach front any white.,Alan Davis
729,774,2024-12-24,Peer,Remain between mother Mr near believe.,Tyler Harris
730,386,2024-08-14,Peer,Information central race move individual own stay describe.,Sandra Gibbs
731,128,2025-05-05,Cliente Interno,Discussion to support collection money paper.,Eric Perez
732,903,2024-12-06,1:1,Degree up third degree value pay ground.,Samantha Mayo
733,959,2024-12-05,1:1,Get knowledge machine again should mission mouth system.,James Townsend
734,77,2024-10-29,1:1,Half everything will general measure send.,Samantha Hines
735,918,2024-09-24,Cliente Interno,Remain commercial maintain approach before.,Christy Benton
736,882,2024-12-16,1:1,Decide back name son just note action ten economy.,Jamie Wilson
737,279,2025-01-08,Peer,Matter seat follow cover.,Joseph Walsh
738,3,2024-10-24,Cliente Interno,Away south toward among alone anything treat Democrat.,Eric Rasmussen
739,202,2024-09-28,Cliente Interno,Street fast affect own least add difference plan.,Jerry Flores
740,86,2024-12-29,Peer,Fall until not interview draw report traditional success.,Terry Graham
741,276,2024-11-07,Peer,Most radio night employee summer.,Rebecca Turner
742,908,2024-12-14,1:1,Often story end carry black teach.,Donald Villanueva
743,869,2024-07-09,Peer,Movement citizen drive amount Congress other sell board study.,Molly Reid
744,467,2024-09-12,Cliente Interno,Condition paper task church stuff nature.,Amy Hernandez
745,502,2024-10-30,Peer,Crime other push three trouble.,Ms. Jessica Berry
746,85,2024-09-16,Cliente Interno,Religious consider pay act yet.,Charles Hutchinson
747,568,2025-04-03,Peer,Somebody speak major lead despite.,Cynthia Martinez
748,577,2024-11-25,Cliente Interno,Those reason series popular speak also perhaps wrong enter.,Elizabeth Anderson
749,271,2024-08-10,Peer,Might daughter start hope fine could I any.,Matthew Salazar
750,141,2025-04-19,Peer,Prove media left do budget hotel loss investment.,Samantha Johnson
751,209,2024-09-10,Peer,Deep they other everybody hundred late herself.,Philip Thomas
752,275,2025-05-21,Peer,A response thank wait sound represent room.,Aaron Shields
753,185,2024-11-17,1:1,Guy that behavior hope.,Stacy Cochran
754,292,2024-09-05,Cliente Interno,Any nation action four glass opportunity stop.,Ryan Kent
755,785,2025-03-24,Cliente Interno,Anything hold read dream no tree also show.,Stephanie Robinson
756,419,2025-06-03,Peer,For network rich though price by get message international.,Ronald Rivers
757,7,2024-10-22,Peer,Note various score able fear must central place.,Thomas Edwards
758,619,2025-02-18,Peer,Fear reduce father change measure present someone tax.,Maria Mills
759,293,2024-07-05,Peer,Magazine guess effect husband month financial throughout by.,Julie Brown
760,983,2024-11-28,Peer,Sense simply add now test approach.,Jerry Bullock
761,358,2024-11-21,1:1,Coach plan book each top send professional.,Matthew Mcgee
762,415,2024-06-27,Cliente Interno,Professor will ask news receive use decide mean natural.,Michael Callahan
763,116,2025-01-21,Peer,Him attack deal five rock in situation line.,William Hill
764,416,2024-08-30,1:1,Surface black also believe all change should mouth design.,Joshua Walters
765,168,2025-05-28,1:1,Drop popular make growth opportunity.,Krista West
766,513,2024-10-21,Peer,Word fly I official style city walk.,William Stewart
767,834,2025-04-02,1:1,Interesting west study home parent view natural.,Judith Estes
768,36,2024-08-23,1:1,Daughter image system information space.,Brent Ochoa
769,421,2024-06-13,1:1,Store since our nearly alone subject.,Kristopher Baker
770,87,2024-10-12,1:1,Support likely easy here street common within garden role.,Benjamin Contreras
771,585,2025-01-28,Cliente Interno,Eye pull scientist share.,Lisa Thompson
772,508,2024-11-14,Peer,Indicate anything wonder suggest smile Democrat exactly claim.,David Cortez
773,570,2025-02-28,Cliente Interno,Behind century forget movement garden model account population.,Pamela Collins
774,110,2025-04-18,Peer,Cold trial camera glass tonight plant.,Miguel Mitchell
775,651,2025-02-06,1:1,Value second campaign bring off continue.,Kelly Miller
776,863,2025-05-25,Peer,Later into business easy.,Barbara Johnson
777,251,2025-05-28,Cliente Interno,Carry if world explain physical bit cold.,Anthony Davis
778,980,2024-11-19,Peer,Article build population quite.,Andrew Lewis
779,551,2025-02-07,1:1,Only dinner thus unit.,Tracy Ramos
780,668,2025-02-27,Cliente Interno,Child child attack simple job animal other.,Robert Marks
781,177,2025-03-01,Cliente Interno,College within health as book east full free.,Karen Reid
782,865,2024-07-08,Cliente Interno,Age test hour option sea coach far.,Autumn Thomas
783,165,2024-10-14,Cliente Interno,Speak drug life suffer on far power.,Jessica Higgins
784,341,2024-10-12,Cliente Interno,Know deep than finally way guess recent.,Randy Jones
785,876,2024-08-26,Peer,Bit against sense newspaper population administration.,Mrs. Brooke Baker
786,524,2025-01-21,Cliente Interno,Family cost arm consider pressure return game service difficult.,Paul Rios
787,238,2024-12-23,Cliente Interno,Bar partner meet vote style institution kind.,Richard Manning
788,473,2025-01-28,1:1,Hospital option though authority instead national.,Miranda Doyle
789,656,2025-03-17,1:1,Address win cell billion fund action there decision.,Kimberly Patterson
790,331,2025-03-13,1:1,Reach name nearly our nature theory ball money scientist.,Austin Griffin
791,138,2025-01-20,1:1,Side also sing race day pick.,Kristopher Drake
792,816,2025-01-28,Peer,Democratic security across energy.,Jodi Smith
793,971,2025-04-18,1:1,Room first open brother all happen technology.,John Little
794,105,2025-03-10,Cliente Interno,Pressure security threat carry wonder prevent physical seek.,Jeremiah Lee
795,948,2024-07-06,1:1,Daughter seven fly mention.,Hannah Golden
796,48,2024-07-06,1:1,Financial society child what.,Gary Bell
797,402,2025-02-17,1:1,Garden use enough be contain herself.,Lauren Petersen MD
798,389,2024-12-12,1:1,Anyone model gun sport family alone.,Alexis Smith
799,932,2024-11-13,1:1,No outside west many economy range bit father despite.,Dr. Gregory Ruiz
800,251,2024-09-10,Cliente Interno,Here represent street would true sense.,Jeffery Leonard
